Area_sqft,Bedrooms,Bathrooms,Age_years,Parking,Location_Score,Price
884,1,5,24,0,9.7,7774000
1788,1,5,24,0,7.3,9978000
805,6,4,1,1,9.8,11087500
801,5,2,8,1,5.7,7983500
2552,6,1,16,3,7.8,15152000
1077,1,3,14,3,5.9,7429500
937,6,1,22,1,6.2,8159500
1461,1,5,11,2,7.1,9803500
3879,2,3,25,1,5.0,16426500
2605,2,5,18,2,6.9,13877500
1679,2,2,11,2,6.9,10086500
3541,4,3,16,3,5.6,17333500
3016,2,5,23,0,9.6,15746000
1745,5,5,22,1,8.7,12687500
2427,5,5,19,0,5.4,13704500
3012,6,4,22,0,8.6,17082000
3502,6,5,10,3,9.0,20457000
3897,2,2,18,1,5.7,16819500
3770,1,2,24,2,5.0,15495000
2165,1,2,18,3,6.5,10977500
1086,1,1,7,3,7.8,7971000
2561,4,2,4,1,7.9,14723500
3713,3,4,11,1,7.6,18385500
1775,4,1,13,2,5.7,10542500
2667,5,3,10,0,7.4,15194500
1856,6,1,12,1,9.5,13196000
2090,3,5,22,3,9.2,13495000
1282,4,5,15,0,5.1,9277000
3759,1,3,15,1,6.2,16486500
849,2,1,17,0,5.9,5781500
1548,4,3,7,0,6.4,10528000
1124,4,2,18,0,7.2,8514000
2161,4,5,21,0,9.1,13653500
2615,4,2,18,2,7.2,14132500
680,3,4,2,0,9.4,8740000
3120,2,4,14,1,7.0,15420000
1885,3,3,11,0,10.0,12447500
2775,6,3,22,3,5.1,15152500
3663,1,5,7,2,6.7,17550500
1906,2,5,13,3,8.4,12481000
3293,3,3,4,3,9.2,18005500
3796,3,5,5,1,9.8,20156000
3666,1,1,1,2,8.9,17541000
1781,2,3,20,0,8.8,10653500
2355,5,4,17,3,5.3,13812500
2624,1,4,7,2,6.9,13694000
3321,2,4,12,3,7.6,16863500
3398,5,3,23,1,8.9,17903000
2754,2,4,12,3,6.5,14439000
2466,5,2,7,0,6.0,13781000
2465,6,1,12,2,8.1,14967500
3427,4,1,7,3,5.7,16824500
1133,3,3,0,1,7.7,9645500
3617,2,5,22,2,7.7,17539500
3373,2,2,1,3,7.4,16915500
813,4,5,9,2,9.7,10175500
2093,3,3,22,3,7.4,12185500
3625,4,3,20,2,8.0,18187500
3112,3,4,21,0,5.5,14742000
2500,5,5,5,3,5.4,15260000
3397,3,5,16,2,5.1,16529500
1897,5,3,6,0,8.7,13219500
1110,2,2,3,1,6.8,8255000
1212,1,2,16,0,9.0,8142000
1229,4,2,9,3,7.2,9931500
3022,4,3,16,3,6.3,15797000
2037,3,4,24,3,5.3,11349500
2402,1,2,25,2,5.0,10657000
706,3,1,20,2,6.7,6351000
2743,1,4,15,0,6.3,13070500
3333,4,4,18,0,5.4,16125500
2028,1,2,19,2,6.2,10128000
1967,4,2,9,0,5.5,11234500
2402,2,1,22,0,5.5,10807000
1725,2,5,2,3,7.3,11957500
1765,2,1,23,2,6.3,9247500
2992,2,1,17,1,5.6,13362000
766,4,3,14,3,8.2,8761000
3567,1,1,24,1,6.5,14884500
1705,3,5,21,1,6.7,10797500
910,5,4,3,3,6.5,9935000
1798,5,1,17,0,8.0,11443000
2037,5,1,25,3,8.7,12759500
3869,5,3,7,3,7.3,20111500
3932,2,3,18,2,9.4,18922000
990,6,5,25,0,5.1,8755000
2349,5,4,19,0,7.8,14091500
2255,2,5,23,2,5.2,11722500
2433,6,1,17,2,7.2,14245500
3755,4,2,10,0,6.3,17762500
2381,2,3,14,3,7.9,13293500
2413,3,1,25,1,8.7,12675500
985,2,5,12,3,7.4,8907500
3939,1,3,12,2,7.9,18146500
1137,2,4,17,0,7.0,8129500
3767,5,5,4,0,9.9,20944500
2198,6,5,15,0,5.3,13563000
2714,5,3,2,3,8.6,16839000
3192,5,4,9,3,8.7,18502000
3392,6,3,10,1,9.2,19152000
2028,1,2,13,0,6.4,10108000
2524,2,5,0,1,6.3,14054000
1812,2,4,13,3,8.0,11692000
3303,3,5,17,1,5.1,15950500
1856,1,3,3,2,5.2,10226000
2888,4,3,20,0,5.4,14168000
1100,2,2,3,0,6.8,8020000
3542,1,4,7,2,9.3,17867000
3329,1,5,1,3,9.1,17841500
2390,3,3,18,3,8.5,13865000
2017,5,4,21,1,8.6,13349500
2910,6,5,4,1,8.5,18085000
1780,1,4,25,2,6.6,9720000
3538,3,2,10,0,8.9,17543000
2329,4,5,18,2,5.1,13191500
1510,6,1,1,0,5.6,10775000
963,3,2,5,2,8.5,9020500
1188,3,1,20,3,5.2,7638000
913,4,4,11,2,6.6,8885500
2612,4,4,11,0,5.5,13992000
2716,6,2,21,1,9.8,16176000
1985,4,4,20,3,6.2,12227500
1518,3,1,9,3,5.9,9623000
3190,4,1,20,0,8.9,16025000
960,2,5,25,3,8.6,8650000
1724,6,5,12,1,5.9,12494000
1291,2,2,23,1,7.3,8088500
2070,5,1,2,0,6.2,12425000
1268,1,1,24,0,8.7,7518000
3795,4,2,4,2,9.5,19882500
3011,6,4,4,2,7.3,17858500
3859,4,2,2,1,5.6,18446500
2896,5,5,2,2,6.7,17116000
1865,5,1,0,3,8.5,13327500
2342,5,2,0,3,9.8,15817000
1237,2,3,23,1,6.4,7839500
1451,6,1,7,3,5.2,10708500
2592,1,1,0,0,8.5,13272000
1755,2,4,5,2,6.7,11172500
1735,5,1,24,0,7.1,10512500
775,3,1,0,3,8.5,8512500
635,6,4,21,3,8.9,9532500
1757,4,1,0,2,8.4,12209500
3047,5,4,7,3,5.4,16774500
1764,3,1,15,2,9.6,11464000
3226,5,1,22,2,8.9,16951000
3664,2,2,7,1,9.6,18114000
4000,5,5,11,3,5.6,20290000
2401,3,3,3,1,7.7,13933500
2051,3,5,16,1,9.8,13498500
3068,3,2,22,3,9.6,16178000
2888,6,4,5,0,7.0,16858000
2559,6,1,24,2,8.6,14896500
1624,3,3,6,2,8.2,11464000
1187,5,1,20,2,5.5,8554500
2897,1,1,9,3,8.9,14649500
3963,1,1,24,1,5.0,15670500
2210,5,2,13,3,5.6,13025000
3900,6,4,23,3,6.0,19700000
1778,5,5,4,0,9.7,13903000
2004,6,1,16,1,5.6,11954000
3532,1,3,10,2,5.3,15782000
1143,1,3,8,3,5.1,7640500
1334,4,5,20,2,6.6,10209000
3249,2,2,23,2,5.3,14341500
2344,5,3,2,1,7.1,14544000
1737,1,5,3,3,7.6,11569500
1160,1,2,20,1,6.3,6880000
3510,6,4,25,1,9.2,19115000
3234,2,4,8,3,5.4,15879000
3199,6,2,9,2,6.8,17466500
672,6,3,0,2,9.4,10412000
1115,6,4,6,0,9.8,11722500
2760,6,2,4,3,5.6,15900000
629,1,3,19,2,7.5,6051500
1110,2,3,3,0,9.7,9515000
3484,5,4,22,3,6.7,18074000
2988,3,3,1,3,8.3,16728000
3060,6,1,20,2,5.1,15450000
3242,1,4,6,2,5.8,15467000
1765,5,3,7,2,9.1,13267500
649,5,3,2,3,9.0,9771500
2304,2,3,9,0,8.5,12914000
3298,3,1,24,1,9.4,16103000
2636,5,1,10,1,6.2,14206000
656,5,5,14,3,5.8,8516000
3951,2,5,23,0,7.9,18338500
2969,2,2,20,3,5.1,13631500
1185,2,5,17,2,8.9,9757500
1272,1,4,20,0,5.1,7192000
3651,2,5,7,1,8.5,18528500
3580,2,3,18,3,6.0,16530000
748,3,5,24,3,9.2,8698000
1423,1,3,5,0,6.1,8570500
1911,5,4,1,3,9.4,14698500
3499,3,3,14,3,9.6,18386500
2823,2,3,12,3,6.4,14340500
999,3,5,12,2,8.3,9616500
2664,6,3,19,2,6.7,15354000
3005,2,2,9,3,9.1,15907500
1422,6,3,12,0,8.4,11637000
729,4,2,15,2,5.0,6801500
3497,6,1,9,3,8.0,18889500
1206,3,1,2,3,9.7,10401000
3006,4,4,19,0,7.4,15731000
1860,3,3,1,2,8.5,12660000
2753,3,4,14,1,8.3,15155500
3414,5,1,5,2,9.5,18699000
1737,4,4,6,3,9.1,13219500
3211,1,3,19,2,7.5,15088500
1236,1,1,7,3,5.8,7696000
1679,1,1,22,3,5.3,8296500
1502,3,5,13,2,5.9,10367000
3166,4,4,18,3,5.6,16221000
1419,2,4,4,3,7.0,10366500
3242,1,1,25,2,9.8,15217000
2748,6,5,14,1,7.6,16658000
2278,5,3,14,2,6.8,13793000
2853,5,4,1,3,8.2,17515500
1674,1,5,5,2,9.0,11609000
3929,2,3,19,1,7.9,18061500
1978,4,3,20,3,6.7,12103000
3754,3,3,5,3,5.0,17889000
2998,6,5,1,0,6.5,17543000
3718,1,1,22,0,6.5,15313000
1679,5,4,14,2,9.0,12876500
3831,1,1,3,3,6.6,17298500
2128,2,2,17,3,8.5,12198000
3049,6,2,4,3,9.9,18631500
2592,1,2,7,0,9.5,13622000
2539,5,4,17,2,9.6,15976500
963,2,1,11,2,6.7,7200500
1566,5,5,21,0,7.0,11231000
2781,6,5,11,0,7.5,16683500
1555,6,5,21,1,8.3,12412500
1396,1,4,23,3,7.1,8876000
2071,3,2,14,1,9.3,12568500
2626,3,3,6,3,7.4,14851000
2579,5,2,15,1,6.9,14336500
3281,1,3,17,3,7.3,15553500
2738,1,3,9,2,5.4,13093000
2044,3,1,8,2,6.0,11354000
786,5,2,14,1,5.0,7351000
2273,3,1,2,3,8.2,13535500
2081,4,4,2,1,6.6,13223500
3828,1,3,14,2,6.0,16898000
2026,2,4,20,2,6.3,11211000
3977,6,5,4,1,9.2,22099500
1635,1,2,24,3,6.0,8622500
918,1,5,24,2,9.1,8053000
2913,1,5,7,1,8.6,15485500
1051,1,3,16,0,5.9,6638500
3824,4,1,20,3,9.9,19244000
603,1,1,14,0,5.8,4530500
1078,6,4,2,1,6.9,10833000
3591,3,1,15,0,9.2,17298500
863,5,3,10,2,9.9,10280500
2463,2,1,6,3,8.4,13580500
2121,6,3,8,1,9.9,15083500
3873,6,3,22,3,5.6,19195500
2285,3,1,24,3,5.3,11317500
895,6,5,17,2,8.7,10662500
1950,3,5,9,3,8.1,13215000
2835,4,3,6,0,6.1,14962500
1311,2,3,15,0,5.3,7858500
1135,1,3,12,0,8.8,8292500
1972,3,4,6,2,6.8,12422000
2172,1,4,24,2,9.6,12342000
3313,3,4,11,0,5.2,15825500
1667,4,3,0,0,5.3,10854500
3240,6,1,4,1,6.9,17400000
1911,5,1,19,0,5.3,10658500
1616,2,3,22,3,8.3,10376000
2334,3,1,20,1,5.6,11409000
649,1,3,8,3,7.1,6711500
2940,4,3,25,1,8.4,15500000
2526,4,1,9,2,8.3,14411000
3251,3,5,20,3,5.9,16338500
1783,6,4,9,2,7.9,13550500
871,1,4,6,0,9.6,8288500
2472,1,1,24,3,8.5,12252000
3795,4,1,12,3,5.1,17622500
2619,5,4,2,2,8.1,16406500
1698,1,3,13,0,8.5,10093000
3642,1,1,25,1,5.5,14697000
1872,6,3,1,0,6.3,12922000
1884,5,3,20,3,9.3,13314000
2374,6,2,2,1,9.4,15769000
2171,1,2,4,0,7.6,11538500
2420,3,3,5,1,5.1,12860000
3371,3,4,25,0,5.6,15488500
2799,4,2,8,1,8.2,15476500
2111,5,4,2,1,5.8,13508500
3214,1,4,25,3,6.7,14979000
1781,2,1,7,3,9.7,11663500
3980,4,4,25,3,6.4,19040000
3170,4,5,22,3,8.9,17655000
1563,6,3,17,2,9.0,12520500
1592,3,2,6,0,8.2,10652000
821,5,5,21,1,8.7,9503500
1466,4,5,16,1,5.4,10191000
1474,1,2,1,3,7.2,9689000
2549,1,4,7,0,6.0,12671500
3305,6,1,18,2,8.0,17567500
1332,6,2,16,0,8.0,10662000
2573,2,2,13,2,6.3,12875500
3613,6,1,21,2,5.1,17335500
2980,6,4,19,0,7.1,16520000
1416,2,3,3,1,6.6,9546000
1195,3,3,11,1,9.5,10032500
2219,2,1,14,1,8.9,12126500
861,6,2,0,0,6.2,9093500
1677,3,1,20,1,8.3,10189500
1021,3,4,11,3,6.9,9083500
1944,6,1,25,1,9.9,13014000
3369,5,2,21,0,9.7,17721500
3301,2,3,23,0,8.3,15623500
1590,4,5,18,1,5.1,10405000
3960,4,3,20,0,7.4,18720000
879,2,5,21,2,7.9,8086500
3237,3,2,18,3,9.6,16969500
3917,4,1,7,3,5.2,18339500
2603,3,3,6,2,6.2,14090500
1936,5,2,18,1,9.8,13096000
2167,1,3,19,3,6.5,11234500
3582,2,2,8,2,6.9,16897000
672,4,1,11,3,9.4,8462000
1521,5,5,8,0,6.9,11683500
1212,5,4,18,3,7.1,10482000
2827,5,5,15,0,8.9,16704500
1474,1,5,22,3,7.3,9579000
1812,2,5,12,0,6.2,10722000
1925,6,3,6,3,7.9,14097500
3558,6,5,24,2,6.9,18913000
2063,6,3,16,0,8.1,13560500
3851,3,2,25,3,9.7,18808500
2528,3,2,8,3,6.9,13908000
3588,2,3,10,3,9.4,18318000
3129,2,3,12,1,5.5,14651500
1430,6,1,17,1,6.3,10175000
3539,6,3,3,0,6.2,18616500
3823,5,3,5,0,7.2,19410500
3627,3,2,6,3,5.3,17214500
3174,3,4,5,2,8.1,17199000
2916,3,1,21,3,6.9,14316000
1376,6,2,16,0,9.6,11456000
2668,1,5,0,0,8.7,14818000
2567,6,4,7,0,7.0,15634500
956,2,2,18,3,9.7,8526000
3936,4,2,4,1,6.8,19096000
2216,4,4,10,3,8.3,14376000
2980,3,5,19,2,7.6,15920000
3582,1,2,9,2,6.1,16027000
876,2,1,1,0,8.9,7876000
2170,5,4,2,1,6.2,13875000
3420,4,4,15,2,7.1,17660000
3404,3,2,5,0,5.2,15844000
1558,2,5,16,0,8.4,10513000
2110,2,1,2,0,6.1,11025000
2493,6,2,17,0,7.4,14435500
3071,1,3,17,1,5.8,13818500
3222,5,2,5,3,8.0,17927000
2392,4,5,6,3,8.5,15572000
1052,3,5,6,2,7.4,9742000
3559,1,5,13,3,9.2,18086500
3208,1,5,20,2,8.2,15908000
2633,4,5,16,2,5.6,14555500
1807,5,3,13,0,6.9,11834500
1379,1,5,11,0,7.0,9076500
3113,5,3,8,2,9.3,18015500
623,1,3,25,1,6.0,4930500
3813,3,2,11,3,7.8,18615500
3364,5,5,25,2,9.6,18764000
3009,1,1,9,2,8.3,14601500
848,6,2,23,0,6.5,8018000
3249,4,2,24,2,9.8,17091500
2426,3,3,17,3,6.9,13401000
2957,4,5,16,3,5.0,15649500
3176,6,1,0,3,6.7,17696000
1142,5,3,24,2,5.2,8677000
3724,3,5,10,1,8.6,19174000
2245,1,3,17,1,7.0,11407500
2663,5,2,11,3,9.9,16430500
1944,4,1,15,0,9.0,11954000
3036,1,5,13,2,8.0,15576000
3477,2,5,19,3,7.6,17359500
1142,1,5,25,1,8.6,8387000
866,4,4,20,2,8.4,8991000
2774,3,3,15,0,9.4,15119000
1382,4,1,7,0,5.5,8987000
3260,1,5,9,2,6.0,15760000
618,4,3,3,0,7.4,7873000
2000,5,5,19,2,5.1,12490000
1410,6,2,24,2,8.0,10935000
947,2,5,18,3,7.4,8474500
1830,6,5,1,2,9.6,15095000
3937,4,5,0,3,8.2,21159500
1418,2,5,8,0,7.4,10023000
3609,5,5,9,1,9.0,19981500
3092,3,3,23,0,5.3,14192000
2502,6,4,3,3,5.5,15607000
2946,4,4,12,1,9.7,16991000
1958,2,2,7,1,7.8,11423000
3127,6,3,12,1,9.5,18244500
680,4,3,8,2,6.4,7840000
901,3,2,4,1,5.8,7573500
3634,2,5,4,1,8.0,18419000
692,1,2,18,0,6.7,5302000
1664,2,1,1,1,5.1,9314000
1519,1,4,14,3,6.0,9316500
3777,6,1,17,1,8.2,19149500
2630,3,3,13,0,9.4,14715000
920,6,1,19,1,5.8,8090000
1290,5,4,4,1,8.3,11535000
2351,6,3,7,0,5.0,13778500
3156,6,4,25,1,8.0,17396000
3394,5,4,12,3,6.1,18019000
3635,5,4,17,2,9.0,19572500
2969,1,4,24,1,7.7,14171500
2718,1,4,21,2,8.5,13963000
1251,6,1,10,0,7.0,9978500
812,4,4,25,2,5.9,7552000
1119,4,3,23,3,5.6,8506500
2891,6,4,4,2,7.2,17398500
1567,2,5,1,2,5.8,10654500
1187,2,1,4,1,7.7,8534500
2665,5,2,25,2,8.1,14817500
2587,1,4,0,3,5.3,13474500
2943,2,3,5,0,6.2,14430500
3897,1,3,10,0,5.7,16819500
1549,6,2,11,3,9.5,12871500
1944,6,1,0,3,5.0,12704000
859,5,1,8,1,7.6,8646500
3393,5,1,2,1,7.7,17855500
3395,5,5,18,1,7.9,18342500
2888,5,5,13,3,7.0,16858000
2349,1,3,20,2,6.4,11581500
3918,1,5,7,2,5.1,17803000
3683,2,3,5,0,5.1,16580500
2370,1,2,0,1,9.0,13195000
3500,3,3,13,0,7.4,16960000
3259,3,5,17,2,7.5,16956500
3564,2,5,6,2,9.4,18834000
1812,3,1,14,2,7.2,10722000
751,5,3,11,2,9.1,9518500
3696,5,4,6,3,6.1,19376000
3350,1,1,8,0,9.0,15725000
3907,2,4,10,3,9.0,19574500
3996,1,5,18,3,9.5,19486000
2198,4,2,16,1,7.4,12653000
721,4,4,24,0,5.7,6803500
1327,6,3,11,2,5.0,10394500
2751,1,1,21,0,7.1,12218500
3912,4,1,21,0,5.9,17302000
2928,2,3,21,2,9.8,15418000
2310,2,1,13,2,8.2,12415000
3280,3,1,6,2,7.6,16420000
2860,1,5,7,0,7.1,14500000
3988,3,4,16,3,6.3,18978000
886,3,1,5,0,8.4,8011000
3888,2,2,6,1,8.9,18668000
1392,6,3,6,0,7.4,11432000
601,3,5,17,2,6.6,7293500
1408,2,4,6,3,5.3,9548000
1702,5,1,20,0,9.0,11357000
814,2,2,4,1,6.8,7169000
2073,5,2,19,2,6.9,12565500
3984,1,4,16,1,5.4,17204000
2491,4,3,6,1,9.3,15238500
3563,6,2,24,0,5.9,17230500
1070,3,1,11,1,6.5,7795000
1180,1,4,9,3,6.8,8700000
1150,6,3,16,1,7.3,10245000
1753,6,1,9,1,5.2,11265500
837,6,2,23,0,6.8,8099500
3311,2,5,6,3,7.3,17308500
3259,1,3,17,1,9.1,15796500
2272,4,4,6,3,9.6,15292000
3218,6,5,14,1,7.3,18183000
2454,1,5,24,0,6.4,11949000
3408,1,4,21,0,6.4,15138000
984,6,2,25,2,10.0,10194000
1463,3,4,9,1,5.6,9810500
3457,5,5,3,0,7.3,18869500
1937,3,2,13,0,6.9,10989500
3486,3,3,4,2,8.3,18121000
3534,5,5,11,3,6.2,18899000
3470,5,1,18,2,7.9,17605000
1170,5,4,3,2,8.9,11605000
1989,6,2,0,0,7.0,13361500
2612,3,5,24,1,9.2,14822000
808,1,2,3,1,5.5,6178000
3274,4,4,22,2,8.0,17159000
2100,1,5,15,3,9.4,12960000
2941,4,4,14,2,5.5,15393500
2943,1,2,16,3,9.1,14840500
1241,3,4,21,2,7.7,9473500
3817,3,4,25,1,6.9,17769500
3071,5,4,5,1,7.8,17518500
3780,3,1,13,1,7.1,17420000
3959,1,5,2,3,8.2,19636500
2398,2,1,13,2,8.6,12883000
1673,3,3,8,2,9.8,12175500
3291,1,5,14,0,9.5,16618500
2637,4,2,2,1,5.0,13929500
1514,6,1,12,2,9.8,12319000
3336,2,2,8,3,7.3,16396000
1457,2,1,10,0,9.6,9739500
3772,5,2,23,1,7.8,18472000
650,6,3,18,0,5.4,7435000
3977,5,3,22,0,9.2,19899500
3957,6,4,15,3,7.7,20979500
3408,2,1,18,3,9.1,16568000
1453,4,1,0,3,6.5,10585500
3242,4,5,0,2,5.2,17327000
1524,6,4,20,1,5.3,10854000
1991,1,4,23,3,6.5,10718500
2376,4,1,25,1,9.2,13246000
1711,1,5,9,2,8.2,11218500
1798,3,2,5,1,5.8,10663000
1285,1,5,16,1,5.8,8217500
3355,2,5,18,3,7.4,16902500
2023,5,1,0,3,7.3,13400500
1174,4,4,13,3,8.4,10619000
3225,4,1,0,3,6.8,16907500
3546,6,2,0,3,7.6,19651000
3582,6,5,1,3,7.9,20747000
1430,6,1,18,3,7.9,11165000
3514,6,5,5,0,6.6,19189000
3783,3,2,20,0,7.4,17300500
3584,6,5,17,3,8.9,20354000
923,2,3,7,3,5.5,7580500
2346,6,1,17,0,9.4,14421000
939,5,4,22,2,9.6,10126500
3024,5,2,22,3,6.1,15624000
2066,5,3,22,2,9.9,13891000
1503,3,2,20,0,7.3,9280500
2775,1,1,16,2,9.5,13912500
1386,3,2,17,0,9.6,9941000
1433,5,3,12,2,8.4,11575500
2610,3,2,11,2,8.4,14445000
3257,3,2,0,2,7.8,17019500
3542,6,3,16,0,6.3,18017000
1842,6,1,17,2,8.8,12817000
2402,1,4,11,2,6.1,12397000
3761,5,2,17,0,8.7,18893500
2448,1,3,15,2,7.4,12578000
3468,3,1,10,1,8.7,17118000
1560,6,1,17,0,7.7,10990000
3498,4,4,2,0,5.7,17623000
2515,1,5,18,0,5.5,12102500
1933,1,5,2,3,8.3,12585500
3973,5,5,24,0,5.1,18745500
3511,2,5,14,2,8.6,17928500
3484,2,2,21,2,8.4,16504000
3911,6,5,10,2,7.9,21248500
3196,1,4,20,2,7.1,15126000
3185,4,1,4,1,6.5,16047500
1733,4,3,5,1,6.0,11315500
2393,5,1,0,1,8.0,14575500
3739,1,1,15,3,8.0,16936500
1785,3,5,5,3,9.1,13237500
813,3,1,14,2,5.4,6505500
2647,5,3,10,1,10.0,16364500
3367,4,3,15,0,6.0,16334500
3203,2,1,2,2,5.3,14930500
3730,1,2,4,1,9.2,17835000
610,1,5,13,0,7.8,6605000
3774,4,3,20,0,10.0,19109000
2043,6,1,19,3,8.7,13580500
3430,1,4,6,3,9.4,17765000
1974,6,2,8,3,7.6,13749000
790,4,4,22,3,8.3,8785000
2779,2,3,6,0,9.4,15086500
2954,2,1,13,2,9.8,15309000
2292,4,5,5,2,6.7,14352000
1466,5,1,7,0,8.2,10861000
1471,2,2,11,1,9.7,10278500
3676,2,2,4,2,7.3,17586000
1268,3,4,23,1,6.4,8748000
3105,6,4,6,1,5.8,17287500
3011,1,5,25,0,6.6,13928500
2014,6,4,8,2,7.6,14289000
3165,3,4,22,2,9.6,16917500
2392,5,5,12,3,8.5,15772000
2840,6,3,0,1,6.3,16560000
3521,2,2,19,1,7.5,16173500
3536,2,2,12,0,8.7,16856000
1015,4,2,8,3,9.8,10272500
1258,1,3,25,3,9.6,8993000
3012,3,5,15,3,7.0,16192000
847,6,5,3,3,6.9,10674500
3243,1,5,8,3,7.4,16510500
1619,3,2,1,0,9.3,11436500
2205,5,4,19,2,6.1,13307500
2545,1,5,21,2,7.1,13097500
2687,4,3,14,0,6.6,14244500
2273,6,3,18,0,9.5,14755500
1708,1,4,5,0,7.2,10308000
3309,6,1,0,3,7.4,18441500
2386,1,2,11,3,9.9,13461000
2616,3,4,21,1,8.7,14486000
1964,3,5,23,2,9.0,12724000
1068,6,3,1,1,5.2,9868000
862,4,1,3,0,5.7,7447000
2148,1,4,17,1,8.0,11768000
1532,1,3,16,3,8.9,10122000
2451,6,4,21,2,5.5,14328500
1576,2,1,19,1,8.2,9346000
1892,6,2,16,2,5.5,12022000
3296,1,1,18,3,7.4,14996000
3912,3,4,0,3,5.8,19312000
1578,2,3,24,1,6.5,9023000
3765,5,5,6,0,7.7,19957500
3959,2,2,22,3,9.6,18796500
1029,5,2,19,2,5.2,8231500
3602,2,3,11,2,9.1,17997000
2509,2,2,1,1,7.6,13571500
1159,4,5,5,0,9.5,11106500
1526,1,4,1,3,8.5,10991000
3201,6,1,18,3,5.6,16443500
3972,1,3,14,2,6.4,17562000
3358,4,4,21,3,7.7,17583000
3187,5,1,0,3,8.6,17994500
618,5,1,20,2,8.7,7843000
1818,5,2,1,0,5.9,11773000
2263,6,1,1,3,6.6,14410500
1638,4,3,11,2,5.2,10563000
2584,6,3,18,3,5.2,14724000
656,3,4,1,0,8.5,8346000
3679,1,3,10,1,6.4,16536500
2693,6,3,12,3,6.8,16045500
865,4,1,1,1,8.2,8757500
3374,4,3,7,2,7.6,17799000
3339,5,4,0,3,5.7,18266500
1193,4,5,10,0,6.5,9775500
1360,5,4,14,0,7.9,10920000
3808,1,1,9,0,8.8,17198000
2062,2,5,15,1,9.9,13127000
883,4,2,18,0,9.7,8670500
2450,3,4,6,2,7.0,14175000
3539,2,4,2,0,8.3,17806500
653,2,2,4,0,7.5,6685500
3681,2,5,11,3,8.4,18793500
2651,2,5,17,1,8.4,14488500
3033,5,3,4,0,9.9,17775500
3182,3,5,4,2,7.9,17497000
688,2,2,11,2,7.7,6938000
1657,2,5,22,3,5.2,9879500
2576,1,2,10,2,5.8,12336000
3666,3,4,7,0,5.7,17461000
3456,4,3,1,2,5.3,17466000
3179,2,4,12,1,6.4,15486500
1342,4,2,8,0,6.4,9457000
2753,6,4,5,2,7.7,17065500
3262,4,4,2,0,6.9,17277000
1999,2,2,10,1,6.0,10696500
3961,2,2,19,0,5.9,16873500
1232,5,4,14,3,5.1,9952000
1894,3,3,18,0,8.6,11569000
1990,1,3,1,3,8.2,12195000
1239,5,2,17,0,7.7,9666500
1511,3,5,12,0,9.3,11408500
1851,4,4,0,2,6.7,12758500
3763,4,5,15,2,9.6,20160500
1902,6,4,12,2,7.8,13777000
1442,5,1,11,3,6.2,10377000
2025,2,2,21,2,9.4,11797500
1697,1,3,2,2,8.9,11199500
3618,3,4,9,2,6.3,17833000
3157,6,1,0,1,5.9,16909500
2299,1,5,1,2,9.1,14036500
3845,2,1,18,2,8.3,17577500
3817,4,4,21,3,6.3,18629500
3760,5,2,3,1,8.2,19590000
2020,4,5,22,3,9.1,13710000
2207,1,4,8,3,8.8,13144500
1780,3,1,20,2,8.4,10790000
1840,6,1,4,3,7.9,13300000
3015,5,5,3,0,5.7,16682500
1054,1,3,3,3,6.2,8019000
3719,6,2,24,2,6.8,18536500
2143,5,4,24,0,5.9,12360500
2099,2,4,19,1,9.6,12636500
1848,4,2,1,1,7.4,12178000
3761,6,3,14,2,9.7,20643500
2543,4,1,1,0,5.4,13310500
2245,2,4,14,0,9.1,12997500
3033,6,3,14,3,9.1,18055500
1542,5,4,8,2,6.6,11737000
2911,5,1,5,3,6.6,15978500
978,6,5,9,0,8.4,10833000
2856,6,4,17,3,9.5,17746000
1272,1,5,14,0,6.8,8472000
2336,5,5,11,3,7.7,15306000
3316,5,1,8,3,9.0,18206000
3225,2,2,13,2,8.4,15997500
837,1,1,12,3,7.9,6889500
2175,2,4,21,3,7.9,12522500
3781,4,3,0,2,6.4,19093500
839,3,3,22,1,6.9,7196500
1165,5,3,24,3,8.6,10317500
3906,1,4,12,3,8.2,18651000
2678,5,3,9,1,7.2,15403000
3329,4,2,11,0,5.3,15821500
2301,6,2,20,2,8.1,14293500
1405,3,1,23,1,7.7,8847500
3868,6,3,7,0,5.7,19368000
3206,2,5,22,3,7.5,16221000
676,1,3,14,3,5.6,5906000
2024,3,2,6,2,7.5,12284000
3971,2,4,10,0,6.5,18198500
2817,5,4,5,2,8.7,17189500
634,4,4,1,0,9.2,9049000
2716,1,3,19,2,8.1,13596000
1642,1,1,16,1,8.6,9387000
3779,4,5,20,1,9.8,19846500
3578,4,5,20,0,6.3,17543000
1296,2,4,1,3,7.2,10166000
1169,1,4,19,3,7.7,8521500
849,3,4,21,2,5.8,7341500
3381,3,2,8,3,5.3,16253500
1247,5,4,5,0,5.5,10014500
1743,1,5,12,0,8.4,10860500
2073,2,2,6,3,9.2,12835500
1731,1,3,23,2,8.9,10268500
2575,2,3,0,0,6.7,13592500
2678,6,5,0,0,9.2,17553000
1719,1,2,18,0,7.6,9256500
2370,4,4,24,2,6.7,13375000
2486,4,4,17,3,9.1,15291000
1095,4,1,24,0,7.9,8092500
3942,4,3,24,0,7.3,18417000
3949,2,5,12,2,5.5,18321500
3023,4,5,5,3,8.7,17910500
2439,5,2,22,3,6.2,13616500
1703,4,4,19,2,8.0,11810500
950,1,1,19,0,5.5,5375000
2148,6,1,6,3,5.7,13398000
3369,2,2,7,3,7.0,16441500
1735,1,4,10,0,9.9,11232500
2842,2,5,21,3,7.5,14997000
2476,2,5,14,2,8.0,14066000
1459,1,2,9,0,7.8,8876500
1064,1,1,7,0,9.3,7894000
1482,3,2,7,2,7.4,10297000
832,5,4,5,1,6.6,9202000
3890,3,2,21,1,5.2,16945000
3846,5,5,18,3,5.9,19521000
2659,3,4,22,0,8.0,14106500
613,2,1,15,3,7.8,6415500
3190,3,3,1,2,8.6,17355000
2824,3,4,3,0,5.4,14594000
2324,5,4,18,2,9.3,15054000
2916,5,4,20,0,6.9,15666000
3031,2,5,5,1,8.0,16258500
3314,3,3,22,2,8.4,16659000
2038,6,1,22,0,9.7,13213000
1032,4,5,13,2,8.8,10382000
740,2,3,24,0,8.1,6530000
1105,6,4,4,0,7.1,10707500
637,5,3,21,0,5.8,6899500
1438,6,2,9,3,6.2,11263000
1149,4,1,2,3,6.6,9461500
2936,1,3,4,0,7.0,14276000
3632,5,2,13,0,7.0,17962000
3832,6,5,4,3,9.1,21952000
2413,5,5,19,1,5.6,13935500
1973,1,2,18,1,5.9,9665500
3365,5,4,13,2,5.7,17507500
748,3,4,5,1,8.4,8628000
1954,5,3,25,3,7.1,12429000
2353,3,3,18,1,6.9,12695500
1079,2,1,18,0,9.3,7896500
1558,5,1,14,1,9.9,11713000
1082,5,3,14,1,7.0,9487000
952,5,3,17,2,8.0,9482000
2960,2,4,10,2,5.6,14700000
1202,4,3,5,1,8.8,10577000
687,3,4,16,2,8.7,8184500
1399,3,4,5,3,7.8,11066500
3680,2,5,25,0,7.4,17090000
3647,3,4,13,1,5.5,17214500
2025,1,5,10,0,7.8,11707500
1694,3,5,8,1,8.0,11929000
1794,1,5,1,1,8.6,11869000
3717,2,3,20,0,8.8,17429500
2094,2,5,3,3,7.9,13439000
2791,6,2,9,0,8.1,16158500
2216,1,4,19,1,9.6,12546000
2222,6,2,3,3,5.5,14027000
1711,3,5,9,2,8.6,12378500
3161,2,3,16,0,9.4,15923500
2545,6,5,10,3,9.3,17227500
2857,1,1,7,0,6.2,12929500
973,4,2,14,0,9.0,8905500
2856,6,5,12,0,7.8,17016000
3360,2,1,10,3,8.8,16680000
2536,1,5,10,3,5.4,13136000
3766,3,2,23,3,5.8,17051000
819,6,3,5,1,9.8,10636500
2651,6,4,23,1,5.5,14728500
2056,2,4,5,0,8.6,12586000
1778,5,3,6,1,9.5,13323000
1792,2,4,15,2,9.9,12082000
2134,4,5,24,0,9.6,13609000
3240,6,3,10,1,9.4,18700000
672,6,2,11,0,9.5,9202000
1176,6,5,1,0,9.2,12246000
3108,2,4,8,0,6.1,15118000
3849,1,4,21,0,9.4,17881500
3538,3,4,13,3,8.4,18393000
1003,1,4,14,3,9.9,9070500
2312,2,4,16,2,5.1,11932000
1962,2,3,21,0,7.2,10597000
2153,2,4,25,1,5.1,10725500
834,1,1,16,3,8.0,6719000
3739,2,1,15,2,8.6,17476500
2661,2,1,3,0,10.0,14463500
1153,3,5,17,0,8.9,9745500
1324,6,4,7,0,6.8,11204000
1819,2,2,10,0,5.7,9746500
2944,3,4,0,0,9.8,16924000
2953,2,5,16,2,5.3,14555500
3808,2,4,20,2,7.6,17968000
1398,3,4,8,0,9.8,11113000
2614,1,5,23,0,10.0,13999000
1947,6,1,21,3,8.7,13144500
3768,1,5,14,1,7.5,17688000
1655,5,2,24,0,6.1,10132500
1318,1,4,4,0,9.4,9873000
1712,5,3,2,1,9.6,13332000
2940,4,4,15,1,7.4,15900000
2095,6,5,18,1,5.3,13252500
956,3,5,10,3,6.9,9206000
2137,3,1,21,0,5.2,10309500
1809,3,5,11,3,9.5,13181500
610,3,3,19,2,9.4,7745000
2493,6,3,3,0,6.8,15195500
1373,4,3,2,3,5.7,10485500
1956,6,3,3,1,6.8,13516000
1630,4,3,0,0,9.1,12245000
1104,4,2,1,3,6.2,9494000
3789,3,1,19,1,8.4,17671500
1409,4,2,23,1,6.8,9301500
3443,6,4,3,1,5.6,18540500
3429,1,2,15,2,6.3,15271500
2317,6,2,20,2,8.1,14349500
2651,1,2,9,1,8.3,13448500
2170,6,1,14,2,6.4,13155000
1764,1,4,10,1,7.3,10494000
3421,3,1,6,2,10.0,17873500
1809,6,1,4,0,8.2,12711500
2145,1,3,20,2,8.2,11587500
1545,5,3,16,0,7.2,10887500
1664,3,4,21,0,5.7,9754000
3888,1,5,12,0,6.2,17488000
3333,1,5,10,0,9.3,16885500
1323,1,3,10,0,7.9,8690500
2423,4,4,25,2,5.2,12910500
3453,4,4,23,0,9.7,18015500
3399,5,1,18,1,7.2,16876500
2813,1,4,1,1,6.9,14455500
1184,4,2,7,1,9.8,10514000
3540,1,1,14,3,7.5,16090000
3694,2,3,22,0,8.4,17089000
3767,1,4,6,0,9.5,18384500
3785,2,1,14,3,7.6,17487500
2572,6,5,17,0,6.2,15132000
2083,5,2,15,1,7.0,12640500
1238,3,1,1,1,7.6,9323000
3449,1,3,8,0,9.0,16671500
3362,5,4,14,0,8.9,18327000
1340,1,5,11,2,8.2,9820000
2524,5,5,17,2,10.0,16384000
677,5,2,4,1,7.8,8589500
2624,5,3,14,2,9.8,16204000
2582,5,5,18,3,9.3,16457000
1168,3,3,23,3,9.7,9818000
2557,3,1,24,1,8.9,13309500
861,3,2,18,3,8.5,8213500
3759,5,1,25,3,9.2,18986500
3361,6,4,21,3,8.4,18873500
3482,4,5,18,1,7.8,18107000
3733,5,5,11,1,6.9,19475500
1693,2,3,1,0,7.9,10935500
2812,5,4,18,3,7.0,16042000
3601,1,2,8,3,6.5,16503500
3540,2,2,13,3,9.9,17900000
3940,4,5,17,2,8.0,20040000
2490,5,3,21,3,8.2,14945000
2989,6,2,23,1,8.9,16671500
1822,4,5,0,0,9.9,13837000
2819,1,1,6,0,7.0,13166500
2177,4,4,22,0,7.8,12839500
1951,2,1,22,3,8.9,11188500
3288,1,4,14,0,5.8,14828000
618,5,2,6,0,8.3,8283000
1212,1,4,4,3,6.8,9062000
1226,2,2,15,2,9.5,9341000
1049,4,3,2,2,9.2,10551500
3949,1,4,0,1,9.1,19361500
3443,5,1,16,1,6.3,16770500
820,6,3,18,1,6.9,8830000
1491,4,3,2,1,7.7,11298500
2646,2,4,1,2,9.9,15771000
2546,5,3,17,3,7.9,15221000
1662,5,1,5,0,8.7,11847000
2411,1,5,13,3,8.8,13908500
2926,6,2,0,2,6.8,16961000
2071,1,2,5,1,8.6,11738500
1096,4,1,8,3,9.0,9936000
3866,4,3,22,1,8.4,18891000
2877,2,5,2,3,5.3,15189500
1303,1,5,9,3,6.5,9310500
2410,1,4,25,0,7.9,12045000
3553,1,4,12,2,8.4,17295500
2187,1,3,23,3,7.1,11344500
678,4,2,24,0,9.9,7733000
3232,5,4,5,3,6.5,17962000
3766,6,3,7,1,5.4,19091000
3787,1,4,21,0,7.7,16984500
2757,4,3,12,3,5.5,14749500
2880,6,5,1,0,7.8,17650000
1219,2,1,9,3,9.1,9356500
1140,6,4,6,0,7.6,10930000
786,5,5,17,0,5.5,8101000
3973,6,1,8,2,5.2,19285500
2914,1,3,9,1,5.8,13669000
1792,4,1,15,2,6.6,10862000
1331,4,1,3,1,9.4,10768500
2049,1,5,20,1,6.2,10851500
1803,4,4,14,3,7.0,12210500
2389,4,5,1,2,9.4,15971500
1329,1,3,0,1,9.6,10091500
611,3,2,22,1,8.3,6658500
1346,6,3,9,0,5.5,10361000
2322,2,4,7,1,9.1,13817000
2053,5,2,17,0,8.9,12995500
1282,1,5,11,3,6.3,9057000
2088,2,2,0,3,7.6,12548000
846,4,2,16,1,9.2,8641000
3232,5,5,23,0,7.3,17082000
3616,1,5,2,0,7.6,17596000
1069,5,1,18,1,6.7,8521500
1175,1,3,20,3,6.2,7592500
1673,6,3,9,3,7.0,12705500
3136,4,1,19,2,6.7,15406000
1765,2,2,11,3,9.9,11787500
3823,3,1,9,1,6.3,17450500
2532,4,4,13,2,5.2,13892000
2644,6,4,20,3,8.2,16334000
802,3,4,20,1,7.1,7547000
1471,3,3,2,2,9.9,11808500
3157,3,4,8,1,6.2,16029500
3360,4,3,25,2,9.7,17690000
3597,6,3,7,0,5.4,18299500
3417,4,3,16,2,5.7,16739500
1720,5,3,4,1,7.7,12500000
1323,4,5,5,2,5.3,10400500
3123,2,5,9,0,7.7,16060500
2713,2,5,24,3,7.3,14315500
2714,1,2,19,1,6.3,12369000
3108,5,1,17,1,7.8,16148000
1882,5,2,25,1,7.5,11637000
3754,4,3,7,3,7.7,19369000
2632,5,4,21,3,8.8,15982000
3678,1,1,20,2,7.2,15953000
1724,3,3,21,3,9.5,11784000
3892,4,3,17,1,5.6,18112000
3494,3,2,5,1,6.3,16799000
1958,1,1,8,2,9.6,11493000
1570,5,3,0,1,5.8,11415000
856,5,1,2,3,6.3,8816000
1092,4,2,22,0,7.3,8242000
1674,6,4,15,1,6.3,12029000
2454,2,4,18,1,7.6,13129000
3001,2,1,15,2,9.6,15293500
3265,1,5,15,2,7.6,16117500
857,3,2,12,3,8.1,8339500
3735,3,1,3,1,7.9,18082500
1902,3,4,5,3,9.5,13507000
3291,5,3,20,0,6.9,16678500
1985,6,4,19,0,7.9,13357500
3423,4,3,7,0,5.5,16730500
3995,5,2,11,2,7.0,19732500
3779,5,3,25,0,6.7,18056500
3814,3,4,0,2,6.2,18929000
2965,3,3,21,3,7.1,15167500
978,6,3,1,0,8.0,10473000
3965,3,4,23,0,6.7,18107500
3690,2,5,18,3,6.3,17635000
612,4,2,1,2,8.0,8292000
3143,2,2,7,0,7.1,15090500
1154,1,4,2,2,8.4,9399000
2148,4,4,13,1,9.7,14148000
2487,3,3,4,0,7.0,13704500
1949,4,5,14,2,8.7,13501500
1612,6,3,15,2,7.0,11992000
2127,3,4,21,0,6.5,11694500
2656,2,2,17,0,9.9,14006000
2083,2,2,11,3,7.5,11940500
716,5,3,21,3,9.0,9056000
2599,2,2,19,3,6.8,13066500
758,2,1,19,0,9.9,6963000
2432,2,4,7,0,7.3,13282000
1679,3,5,21,3,7.1,11266500
2154,3,5,16,3,9.7,14219000
1265,1,2,15,2,7.2,8057500
1577,1,4,12,3,7.0,10019500
3280,6,5,16,3,7.9,18940000
2018,1,1,9,0,8.1,10653000
1948,3,2,9,0,7.8,11588000
2226,2,1,19,2,5.5,10741000
812,1,3,16,2,5.7,6122000
2623,6,5,4,0,7.2,16360500
3888,4,2,25,2,6.7,18038000
2711,4,1,25,3,8.9,14698500
981,4,4,5,3,7.0,9783500
2270,5,3,23,0,7.2,13075000
1647,2,2,8,3,5.5,9764500
1980,4,3,19,1,8.8,12600000
1962,6,1,23,0,8.0,12217000
3957,5,3,13,0,9.9,20559500
2295,5,2,5,2,7.7,14362500
812,2,2,12,2,9.7,8122000
2345,4,1,2,2,7.1,13647500
1313,3,2,15,2,9.8,10265500
2618,1,1,3,0,9.0,13413000
3838,2,3,17,3,8.5,18483000
791,3,5,19,0,5.9,7178500
2166,5,2,18,3,9.6,14221000
896,5,1,23,0,7.8,7906000
803,3,2,20,2,7.8,7430500
1981,3,2,3,3,5.7,11763500
1016,4,3,13,2,5.8,8526000
1280,5,4,9,0,8.4,11090000
1055,4,5,12,3,5.8,9512500
3682,3,1,23,0,9.9,17497000
684,1,2,4,1,9.7,7374000
2964,1,2,8,0,9.0,14674000
1712,4,3,18,2,9.9,12352000
1954,4,2,5,0,7.7,12269000
3369,2,3,13,1,8.3,16561500
3948,2,2,18,0,6.6,17158000
1448,3,3,22,3,5.7,9248000
1386,3,4,8,1,9.7,11231000
3771,3,3,2,0,9.3,19218500
2574,6,1,23,2,5.5,13759000
3453,2,5,6,2,8.9,18245500
3733,4,1,23,0,9.7,18095500
3187,6,4,7,0,7.0,17804500
3201,2,2,7,1,7.9,15813500
3765,3,5,10,1,6.7,18557500
942,3,1,17,0,6.7,6927000
3417,2,4,10,0,7.4,16619500
3333,4,1,23,3,8.4,16775500
3240,3,5,21,3,7.2,16770000
2295,1,5,19,3,9.3,13402500
1531,6,1,1,2,9.3,12728500
3706,5,3,23,0,6.9,17981000
2854,4,4,17,2,8.3,16059000
3694,3,4,10,3,5.2,17809000
2180,2,3,8,2,8.7,13010000
3842,4,1,25,0,7.2,17377000
1471,2,3,3,1,9.7,10978500
2861,6,2,18,2,8.6,16553500
1126,4,4,25,3,8.8,10011000
1484,6,1,16,2,7.8,11214000
2246,4,4,19,1,8.2,13591000
3147,3,2,13,3,9.8,16984500
2304,3,4,1,0,8.6,14154000
1072,4,4,11,3,8.5,10402000
721,3,2,7,3,6.8,7593500
1841,5,2,7,2,7.4,12553500
2723,2,2,7,2,9.7,15060500
3004,2,1,0,1,8.8,15534000
3844,3,3,17,2,6.1,17844000
3154,3,5,18,1,6.0,15739000
1503,2,3,22,2,9.5,10260500
3324,3,5,13,1,9.8,18104000
2998,5,1,6,2,7.9,16553000
3049,5,2,13,3,9.8,17641500
1518,1,1,19,3,6.6,8403000
3857,2,3,12,1,9.0,18599500
955,2,4,7,0,8.5,8592500
3484,1,5,20,3,8.2,17074000
1701,1,3,8,0,6.0,9353500
1094,1,1,7,0,5.1,6319000
3642,2,1,2,0,7.7,17027000
1280,5,4,19,2,7.2,10510000
3672,6,3,4,3,6.2,19632000
3775,2,4,17,0,9.0,18162500
902,1,2,5,2,6.8,7127000
2830,1,4,24,3,5.1,13045000
3777,4,2,7,3,5.4,18229500
2948,3,5,10,1,8.8,16538000
2644,6,4,24,2,5.9,15014000
1318,5,4,0,1,9.1,12153000
2123,3,5,13,1,9.6,13820500
1317,1,5,2,2,6.5,9509500
3967,2,4,5,1,7.2,18914500
1190,5,3,3,3,7.0,10815000
3851,2,3,5,1,6.1,17768500
3212,4,3,16,0,8.9,16902000
2750,1,4,1,3,6.7,14555000
682,3,5,4,0,7.8,8307000
816,1,5,11,2,9.2,8386000
1453,3,4,20,0,7.5,9785500
972,2,5,25,3,5.5,7452000
1267,3,1,1,2,8.7,10064500
2370,2,1,25,1,6.1,10985000
1838,2,1,16,2,7.9,10493000
2055,4,5,23,1,5.3,11862500
1619,6,2,14,0,8.4,11926500
2437,3,5,2,1,7.8,14749500
726,1,2,12,1,9.9,7201000
3623,2,3,2,1,9.4,18440500
3984,4,1,17,2,5.0,17794000
3677,6,2,0,0,7.0,19269500
1738,6,1,21,0,7.3,11253000
3620,6,4,6,2,7.3,19890000
3038,4,5,25,0,7.7,15963000
759,5,2,5,1,7.1,8546500
3095,1,5,4,0,5.0,14632500
1499,5,5,13,2,5.0,10996500
3195,1,5,19,3,8.7,16312500
1245,1,2,21,0,8.9,7967500
1453,4,4,10,1,5.1,10025500
1758,6,1,25,3,7.9,11963000
1092,5,4,15,3,5.8,9692000
3990,4,4,13,1,5.0,18715000
1549,1,5,8,0,5.8,9341500
1735,6,3,14,1,6.6,12112500
3983,2,4,7,0,7.7,18870500
986,1,2,9,2,8.7,7981000
2061,3,1,14,1,7.1,11353500
600,1,4,11,2,9.9,7610000
1907,6,4,18,3,9.0,14174500
1715,1,5,12,0,5.6,9642500
3851,2,1,11,0,8.2,17508500
3250,1,4,22,2,8.0,15575000
1190,6,2,15,1,5.1,9255000
1061,5,1,9,0,8.7,9543500
2864,6,1,23,3,7.0,15574000
2930,5,3,25,3,7.5,16005000
1045,4,5,22,3,9.4,10417500
1604,6,5,25,3,7.9,12624000
1405,1,5,25,1,5.7,8147500
2844,2,4,11,3,8.8,15724000
1906,3,5,20,2,8.6,12511000
2132,1,4,5,3,6.1,11952000
3487,5,5,11,2,9.8,19974500
3079,5,4,16,0,8.7,17156500
1906,5,2,9,2,9.7,13601000
849,6,3,0,3,7.0,10271500
3357,2,3,14,2,6.0,15749500
3285,4,4,15,2,6.3,16867500
3155,2,1,22,3,5.5,14042500
3855,2,5,8,3,7.8,19312500
2854,2,4,4,1,5.5,14389000
3730,5,4,12,0,6.8,18875000
2580,2,1,19,3,9.6,13820000
2403,4,2,17,1,5.7,12640500
1284,1,3,21,2,7.4,8204000
3021,6,4,23,0,6.1,16063500
3604,6,3,20,2,9.9,19874000
2049,4,3,3,2,9.5,14121500
1847,5,1,3,2,9.5,13314500
3166,4,5,22,3,5.4,16241000
1083,3,3,19,0,9.5,9040500
2434,2,3,21,2,7.3,12689000
2967,2,2,24,3,6.2,13864500
2091,4,1,13,0,8.2,12248500
3671,1,1,22,0,5.6,14788500
3099,2,4,20,1,6.2,14726500
2413,2,3,24,1,9.5,13145500
2926,6,4,18,0,5.1,15581000
2632,2,3,5,1,8.0,14262000
1922,4,5,19,1,7.8,12597000
3502,5,1,16,1,9.2,18137000
1352,5,5,2,0,6.3,11152000
1520,1,3,8,2,6.4,9280000
1268,1,4,3,1,9.9,10148000
1740,6,3,21,0,7.1,11780000
3242,5,2,6,2,8.9,18107000
3504,1,1,11,1,10.0,16714000
1239,1,4,16,0,6.6,7876500
850,2,4,5,2,6.3,7845000
999,3,4,6,2,7.1,9136500
3549,4,1,13,1,7.5,17271500
1573,1,5,21,0,7.6,9495500
1855,6,3,2,0,6.1,12732500
1131,6,5,25,3,6.3,10328500
1820,5,1,0,1,7.2,12250000
635,5,2,16,2,5.6,7162500
2956,1,1,18,3,8.1,14086000
3865,5,2,5,3,6.8,19697500
2029,3,2,14,2,9.3,12621500
2162,5,1,16,0,8.3,12887000
2156,1,1,9,0,8.0,11096000
887,2,3,7,2,7.6,8094500
3063,4,5,16,3,9.5,17820500
2289,5,2,8,0,5.9,13071500
3531,3,1,8,3,8.8,17878500
1913,4,1,21,3,7.4,11505500
2319,5,5,3,1,5.2,14246500
1296,2,2,24,3,6.4,8096000
1016,4,3,17,2,8.4,9366000
2678,4,1,24,0,8.5,13873000
3604,1,5,5,3,7.2,17844000
1598,3,3,2,2,8.6,11733000
2280,1,3,23,3,9.4,12590000
2274,3,4,16,3,8.6,13899000
1560,6,5,22,1,9.6,12900000
1716,2,2,9,0,6.9,9916000
2936,3,2,23,0,7.8,14346000
3942,2,1,0,0,8.5,18497000
1998,2,1,0,1,8.5,11893000
2363,1,3,5,0,7.6,12460500
1194,4,4,22,2,9.6,10519000
3027,1,1,18,2,6.9,13654500
2786,5,4,3,2,9.6,17541000
2672,5,1,4,1,6.4,14712000
3515,3,2,3,0,5.7,16532500
1254,5,1,12,3,5.9,9549000
2942,1,5,19,0,8.0,14547000
2404,6,5,6,1,5.6,15054000
3660,3,1,19,3,6.7,16940000
3241,6,2,24,1,6.9,16703500
1553,1,4,21,0,9.7,9965500
2902,4,4,11,1,7.9,16167000
855,3,2,6,0,7.2,7672500
727,6,5,22,2,5.5,8544500
3213,3,4,11,1,9.6,17435500
2882,1,1,1,2,6.1,13677000
3325,2,5,23,1,9.9,17147500
3275,6,4,9,3,9.7,19692500
2014,5,1,2,3,5.7,12629000
798,1,4,11,2,9.4,8103000
1825,2,4,5,3,6.3,11457500
3029,5,3,5,0,5.6,15991500
1728,2,2,23,1,5.1,8738000
3185,3,2,18,0,6.7,15027500
3655,4,1,0,2,9.6,19332500
652,4,1,4,0,7.6,7422000
1875,6,4,12,3,9.3,14482500
773,4,5,0,2,7.8,9725500
1295,2,5,4,2,8.6,10672500
1908,5,1,16,0,7.7,11758000
899,5,1,22,3,5.6,7686500
838,3,5,15,2,8.7,9063000
1850,1,3,3,1,5.3,10045000
3898,2,1,16,2,7.0,17343000
3611,6,3,7,0,6.8,18908500
1130,4,5,10,2,7.9,10515000
2610,3,2,21,2,7.1,13425000
2861,6,1,23,0,7.1,15003500
3712,1,4,4,1,6.6,17332000
2171,2,3,16,2,8.9,12658500
3240,1,3,23,3,5.1,14230000
1019,4,4,3,2,8.2,10296500
2074,4,2,18,2,9.6,13199000
1174,6,2,7,2,6.6,10399000
906,2,2,12,2,5.4,6731000
3018,4,2,8,1,7.0,15763000
3810,3,3,24,2,7.5,17935000
3188,6,1,21,0,5.7,15688000
3803,3,2,6,1,9.3,19030500
2234,4,5,7,2,7.3,14289000
2664,4,3,7,0,5.7,14154000
875,1,3,8,1,8.9,7822500
3405,6,4,6,3,5.2,18497500
1488,1,1,20,1,5.8,7528000
836,4,4,24,1,8.7,8606000
1964,4,2,13,1,5.1,11064000
811,4,1,0,0,7.0,7938500
2216,1,1,9,1,9.1,11946000
1905,5,1,4,0,7.2,12147500
2313,5,2,10,1,8.9,14455500
2828,2,1,7,2,7.2,14128000
2310,6,2,16,3,5.9,13845000
1394,4,1,17,2,6.4,9289000
2750,6,5,23,1,6.8,15895000
3907,4,4,13,2,6.9,19384500
1746,3,3,18,0,6.9,10371000
3702,4,3,15,0,9.7,18987000
3996,1,4,21,3,8.5,18636000
2727,1,2,23,3,6.1,12534500
3447,5,5,18,1,8.1,18604500
2343,4,2,2,1,8.9,14460500
2150,2,2,25,1,5.2,10155000
2339,2,1,8,2,6.7,12166500
998,4,2,22,2,9.8,9313000
693,3,3,16,3,7.2,7505500
2457,5,1,0,2,9.7,15679500
954,6,1,21,3,7.3,9109000
2991,1,5,5,3,9.5,16618500
1007,6,5,2,0,8.9,11484500
3483,5,1,23,1,5.7,16320500
1762,5,1,3,2,7.3,12137000
2898,5,5,25,2,6.0,15693000
2111,4,3,19,1,6.8,12258500
3013,2,2,20,3,6.0,14145500
1432,4,2,10,1,8.2,10592000
2645,1,4,5,0,7.2,13587500
3308,3,4,9,1,7.7,17108000
1266,2,4,17,2,9.2,9861000
801,6,5,20,1,9.7,10383500
3811,6,4,14,3,9.2,21118500
753,6,4,10,2,9.1,10375500
3170,1,5,19,0,6.4,14705000
1915,4,4,20,2,9.1,12942500
2341,3,3,15,2,6.5,12843500
996,4,3,19,1,8.0,8836000
3521,4,3,24,2,5.7,16703500
901,1,5,0,0,7.4,8113500
896,3,1,12,2,9.8,8656000
846,2,2,0,1,7.1,7601000
3000,5,4,2,0,6.9,16860000
1522,6,1,0,0,8.0,11827000
1769,5,3,0,2,6.6,12631500
1414,6,2,4,1,5.5,10749000
3833,5,2,20,1,9.7,19595500
1666,1,1,0,3,6.5,9831000
784,4,4,20,0,9.7,8824000
1772,6,2,25,1,6.3,11272000
1158,1,2,19,3,7.1,7643000
3599,6,4,23,1,7.5,18846500
1535,3,3,9,0,7.5,10322500
3890,4,3,3,1,9.5,20365000
2903,1,2,5,1,7.6,14250500
3037,2,4,16,3,8.5,16029500
1530,3,1,20,2,5.1,8595000
3091,2,5,17,2,5.2,14948500
2529,1,1,11,2,8.2,12781500
3999,1,4,9,1,8.5,18846500
3366,1,5,16,3,8.2,16861000
2225,6,5,6,3,7.3,15507500
2850,6,5,0,1,5.0,16675000
3625,3,5,18,0,5.8,17107500
3822,2,5,0,1,7.1,18917000
2283,5,5,9,3,9.9,16100500
3196,3,1,22,0,6.8,14606000
1356,6,4,8,0,8.6,11986000
2164,1,1,24,0,9.7,11054000
2542,3,4,8,1,6.9,14157000
1745,2,4,8,1,6.0,10507500
1574,2,3,23,1,9.2,10139000
1109,2,5,16,0,6.7,8261500
897,4,2,21,2,7.3,8009500
3645,3,2,19,0,9.6,17747500
1773,5,3,3,0,9.2,13135500
2584,3,5,7,0,6.0,14094000
1088,6,5,2,1,9.9,12368000
2940,4,1,10,1,7.3,15210000
2727,1,2,16,1,9.8,13964500
2500,3,5,0,2,7.7,15230000
1044,2,4,4,0,5.7,7934000
2899,6,3,2,0,8.8,17466500
3669,1,3,10,1,6.6,16581500
3705,6,1,17,0,5.6,17657500
794,6,4,9,3,7.2,10009000
1882,5,1,20,0,9.4,12147000
3147,4,5,21,3,6.3,16584500
2347,4,2,25,3,6.9,12924500
2656,1,2,1,3,5.2,13026000
2203,4,2,6,0,6.7,12690500
2335,5,2,9,3,9.5,15222500
2655,2,3,2,2,7.5,14492500
986,6,1,17,3,6.4,9061000
3012,2,1,25,2,9.7,14872000
1027,1,1,22,3,6.6,6534500
3307,1,3,11,3,5.2,15104500
3944,1,1,20,2,7.7,17084000
2304,5,1,24,3,9.3,13984000
2774,6,2,11,0,9.2,16439000
1804,4,5,3,0,7.1,12504000
2716,3,4,4,3,9.4,16366000
1488,5,4,2,2,5.9,11568000
1902,1,1,12,3,7.5,10457000
3297,6,4,20,0,8.3,18059500
3106,2,5,18,3,7.6,16111000
1974,3,1,9,2,8.4,12019000
2551,2,5,13,0,9.6,14618500
3844,3,2,16,2,5.5,17354000
1791,3,5,9,0,5.7,11098500
2660,6,3,16,1,9.0,16210000
952,1,4,9,3,6.3,7702000
961,4,3,16,1,9.7,9543500
2200,3,4,3,0,9.0,13850000
1358,3,5,0,2,6.4,10713000
2679,2,2,4,2,6.6,13816500
2161,5,3,4,2,5.3,13283500
1257,1,2,20,3,9.6,8939500
2415,3,4,8,2,7.1,13992500
1082,2,5,7,0,6.8,8657000
1706,2,1,5,2,5.7,9701000
3189,6,5,21,3,9.6,19051500
1692,1,5,23,3,8.1,10612000
2596,2,3,10,2,9.1,14526000
1890,6,5,5,2,8.0,14465000
1016,1,2,13,1,9.0,7806000
1739,1,1,8,0,8.8,10006500
3583,1,2,5,3,9.0,17590500
3151,1,1,6,3,6.7,14808500
3587,5,4,18,0,8.8,18874500
1830,3,3,14,0,8.7,11585000
1467,6,1,23,3,8.2,11164500
2669,1,4,24,0,6.4,12401500
3626,5,1,3,2,7.6,18781000
3233,2,3,20,0,5.6,14455500
1924,1,4,22,1,5.0,9534000
3792,4,5,13,2,6.0,18922000
3776,5,5,13,1,5.3,18886000
897,5,4,12,2,6.8,9359500
1551,6,4,17,0,9.1,12418500
3000,5,4,16,2,8.6,17240000
2339,5,4,21,3,6.1,13876500
3570,1,3,9,0,5.7,15725000
3910,2,5,5,2,8.2,19615000
1906,6,4,10,0,9.0,13971000
3768,5,1,4,1,8.3,19308000
1399,2,2,19,1,7.4,8706500
1286,1,3,15,1,8.1,8591000
2646,4,2,3,3,7.0,15111000
1133,2,3,21,3,8.6,8855500
2354,4,4,16,3,9.5,15039000
3718,4,1,20,1,7.3,17433000
1574,4,1,1,3,6.4,10919000
3946,3,5,18,1,9.9,20071000
1340,6,3,21,0,6.3,10060000
1323,2,5,22,3,5.3,8750500
1319,4,3,21,3,9.8,10986500
978,5,4,21,2,5.1,8513000
3468,3,3,10,1,7.3,17158000
1633,2,3,12,0,5.4,9175500
2536,1,3,1,3,9.0,14426000
612,1,4,23,3,6.5,5892000
3706,4,2,21,0,9.8,18441000
1562,5,1,13,1,9.1,11457000
1054,2,4,9,3,8.8,9559000
1846,2,4,4,2,9.9,12821000
670,5,3,4,1,6.9,8505000
2522,3,5,1,3,6.5,14977000
2327,5,4,22,2,6.9,13904500
3342,5,4,5,1,8.5,18747000
3479,3,2,20,1,7.0,16276500
1419,2,2,11,1,6.5,8816500
2661,2,5,20,0,9.6,14653500
2708,1,1,18,1,9.7,13458000
2458,4,1,6,3,7.7,14283000
3597,3,5,18,3,8.0,18489500
3911,3,5,0,0,6.3,19208500
1737,2,5,25,1,5.9,9889500
3608,3,1,12,3,9.5,18228000
2313,6,3,6,3,7.7,15375500
2228,5,1,10,2,8.4,13858000
1693,4,1,18,0,5.9,9685500
1370,1,4,8,0,5.8,8415000
3574,1,1,1,0,7.8,16379000
3934,4,4,7,3,6.7,19899000
3337,1,2,3,3,7.9,16389500
1785,2,3,25,1,5.5,9297500
3864,2,1,22,3,9.0,17924000
2817,6,4,16,2,5.9,16019500
1871,2,3,0,2,8.1,12088500
2738,4,1,16,1,6.5,13883000
3753,5,5,3,0,8.5,20385500
2688,2,4,12,0,7.9,14168000
2790,4,1,5,0,6.3,14335000
1454,6,2,5,1,5.0,10639000
1084,6,3,23,0,7.9,9704000
3719,2,1,5,0,9.2,17746500
2474,4,4,20,0,5.7,13139000
3878,1,2,21,1,9.9,17783000
1949,5,4,0,1,8.8,14241500
1601,5,1,17,0,8.1,10793500
2596,4,4,17,1,9.2,15316000
1477,3,3,17,2,7.8,10239500
2917,2,4,25,0,9.6,14999500
2692,6,2,17,3,7.5,15772000
1490,5,1,23,2,7.6,10305000
3532,2,5,0,3,5.6,17702000
2515,2,1,15,1,9.0,13152500
920,4,4,2,0,6.6,8960000
1610,2,5,18,1,5.7,9715000
3146,1,4,9,3,6.8,15581000
2687,6,5,13,0,5.2,15334500
3698,6,5,5,3,9.6,21633000
2003,5,3,21,1,9.8,13480500
3435,5,2,22,2,9.0,18022500
2068,4,5,7,3,5.5,13188000
3465,5,4,9,0,7.6,18417500
2220,3,2,25,3,9.8,13140000
3911,3,5,0,0,8.3,20008500
3970,3,5,3,0,8.9,20305000
3588,2,2,16,3,6.4,16518000
853,2,5,13,3,9.6,9275500
3745,1,5,21,3,6.2,17137500
937,5,4,21,0,5.8,8249500
3481,2,1,25,1,9.3,16153500
955,2,4,12,1,6.0,7542500
1824,6,4,12,1,6.3,12704000
3428,2,4,5,3,7.5,17548000
3607,2,4,11,0,8.8,17794500
1731,1,3,10,1,6.3,9678500
3757,2,2,14,0,10.0,18049500
3413,6,1,25,3,8.9,18155500
2822,3,4,21,0,7.4,14487000
1242,6,3,24,1,9.9,11207000
3855,6,5,22,1,7.0,19892500
816,3,1,11,0,6.3,6626000
1989,3,2,4,0,5.6,11101500
1120,4,5,15,1,9.4,10630000
3736,1,3,16,2,7.3,16996000
3411,3,5,3,1,6.7,17668500
1217,2,2,5,2,9.5,9809500
3151,2,5,5,3,5.9,16238500
2048,2,2,5,3,7.4,12078000
1432,3,2,11,3,8.4,10522000
3368,3,5,6,0,7.5,17488000
3245,6,1,12,0,5.4,16217500
2982,4,1,10,0,6.6,14877000
3633,1,5,22,0,7.5,16615500
1531,2,2,14,1,9.6,10298500
854,6,3,9,1,9.1,10279000
2839,3,2,2,0,5.3,14056500
2019,6,5,5,1,6.1,13956500
1827,4,3,4,2,5.8,11814500
1751,3,5,8,1,9.3,12648500
3884,1,1,5,0,6.3,16664000
2614,4,5,15,0,9.4,15659000
2249,5,1,4,3,9.6,14911500
3625,1,5,5,2,6.0,17237500
3818,5,4,12,0,5.2,18543000
2406,6,3,15,1,6.1,14211000
1840,1,2,13,2,9.6,11130000
1535,1,1,19,1,9.1,9062500
2333,4,4,5,3,5.7,13995500
3757,1,2,3,0,6.8,16819500
2385,5,3,8,2,7.3,14667500
2309,1,3,10,3,6.7,12261500
2599,3,1,3,2,8.6,14586500
2221,6,5,10,2,6.7,14853500
806,5,2,4,1,9.7,9801000
2779,2,3,12,0,5.6,13266500
2189,6,4,21,1,9.3,14731500
3548,5,5,18,0,8.8,19038000
3239,4,4,1,1,9.0,18286500
1239,5,5,10,2,7.1,11076500
804,2,4,14,3,8.4,8274000
2655,3,1,23,0,7.0,12742500
2310,1,4,20,2,9.2,12865000
653,5,2,10,1,6.5,7685500
3399,3,2,4,3,5.8,16716500
1458,2,5,21,3,8.4,10513000
3498,6,1,0,0,9.6,19383000
749,6,4,7,1,6.7,9351500
2673,2,3,23,1,5.2,12385500
1208,4,2,6,1,6.6,9368000
813,2,5,8,2,5.9,7705500
3894,5,5,19,2,9.7,20959000
2258,2,1,24,0,6.9,10763000
1555,2,4,7,3,6.2,10372500
984,1,4,15,0,7.8,7514000
1219,6,1,9,0,5.5,9316500
875,4,2,8,0,6.9,8022500
3579,4,3,8,1,6.4,17786500
1379,1,3,6,1,5.8,8446500
3828,3,2,24,1,6.3,17018000
1293,6,5,20,0,8.5,11425500
1078,6,3,2,2,9.1,11613000
2232,2,4,4,2,7.3,13132000
940,4,2,6,3,9.7,10070000
1785,2,1,20,1,7.4,9707500
3623,4,2,1,1,6.9,18190500
3697,2,5,2,3,9.0,19539500
1447,2,5,25,0,9.1,9954500
1160,5,5,15,2,5.2,9790000
3664,4,4,3,0,7.5,18874000
3644,5,1,11,1,7.9,18364000
2559,2,3,13,1,5.4,12566500
820,3,3,2,1,8.0,8570000
2968,6,4,17,2,9.8,18058000
2966,5,4,5,3,5.7,16711000
1319,4,1,13,3,5.2,8946500
1565,6,2,23,3,9.2,12207500
3946,2,1,23,3,6.1,17001000
3582,3,1,21,1,5.2,15567000
2498,6,5,0,2,7.9,16803000
2277,4,3,9,2,9.8,14739500
2438,4,4,18,0,7.5,13833000
3696,3,5,1,0,6.1,18326000
828,3,3,0,0,8.4,8658000
2763,3,4,9,3,6.7,15200500
2213,4,2,3,2,7.4,13555500
1954,3,2,3,0,5.5,10989000
1110,5,5,10,0,7.5,10385000
3183,6,3,6,2,8.4,18500500
811,2,5,16,0,9.8,8458500
3828,5,4,0,3,5.8,20018000
2401,3,5,0,1,8.1,14843500
1278,3,3,8,1,7.1,9513000
1237,1,5,21,2,6.1,8119500
1282,4,4,13,1,8.5,10637000
2031,3,1,18,2,9.8,12328500
1016,4,2,15,3,7.3,8926000
1781,1,4,15,0,7.6,10223500
3408,1,3,21,0,9.2,15958000
3261,4,1,18,2,5.2,15293500
2711,2,2,14,3,6.6,13628500
2984,1,5,17,0,9.5,15394000
3583,2,4,10,1,8.8,17960500
2226,6,4,25,0,5.7,13021000
1262,5,2,9,3,7.4,10627000
2424,3,3,9,1,8.3,13954000
3899,5,4,13,2,7.0,19896500
756,2,5,11,1,8.0,7996000
1918,5,1,8,3,5.5,11913000
2873,1,1,5,2,6.8,13725500
3815,2,4,22,0,7.4,17412500
3732,5,5,20,3,5.7,18942000
1826,6,5,1,3,6.2,13921000
3322,6,4,9,0,5.5,17577000
2769,4,2,0,1,9.6,16331500
772,1,4,22,1,6.9,6262000
1722,3,1,6,2,5.4,10087000
2869,3,4,6,1,7.0,15441500
3007,5,1,12,3,7.1,16164500
720,4,2,19,0,7.6,7210000
2284,1,2,13,3,6.0,11444000
2663,1,2,15,2,7.7,13150500
2772,5,3,16,1,7.2,15382000
3771,6,1,18,2,6.4,18558500
1709,4,2,18,0,7.3,10601500
1542,6,2,7,1,9.1,12487000
2716,2,1,3,3,8.0,14456000
1224,5,1,5,2,9.5,11034000
633,6,2,17,3,7.1,8405500
2518,4,4,9,2,5.2,14043000
3112,2,2,22,2,7.8,14912000
3855,6,2,19,0,8.1,19382500
3020,4,2,15,1,9.5,16420000
2071,4,1,19,1,9.0,12398500
874,6,1,7,0,6.6,8649000
2401,2,5,25,1,8.8,13373500
931,4,3,7,1,8.0,9208500
882,1,3,21,2,6.8,6557000
1027,3,1,16,0,8.3,7914500
942,4,4,7,0,9.1,9787000
2131,2,3,16,2,9.7,12838500
3385,5,1,22,1,5.3,15867500
2966,6,4,20,1,9.4,17541000
676,4,3,16,0,9.9,8426000
3930,3,4,8,1,7.0,19055000
1449,1,3,21,3,6.1,8461500
3130,5,5,25,1,5.5,16105000
2734,6,2,1,3,9.6,17559000
3148,2,3,23,2,5.3,14288000
1385,2,3,12,3,6.9,9507500
2427,5,4,13,0,8.1,14784500
1179,4,4,14,0,9.2,10306500
1523,5,1,0,2,7.0,11330500
3132,1,2,15,2,5.7,13992000
1643,3,3,1,2,8.7,11980500
3573,5,5,24,0,5.9,17665500
3214,3,1,22,1,7.3,15069000
3116,3,3,20,3,6.0,15306000
3044,3,3,8,1,9.0,16454000
2601,5,1,24,0,6.3,13223500
3900,3,1,19,0,6.2,16980000
3066,5,2,7,0,6.3,16001000
2347,5,1,14,2,9.3,14434500
2504,3,2,18,2,5.9,12724000
3180,6,3,16,0,7.4,17190000
3257,3,5,18,2,7.2,16779500
2578,1,2,23,0,6.2,11453000
1731,6,3,13,2,8.2,12988500
2831,1,2,4,3,6.7,14088500
3926,2,2,10,1,5.0,17041000
2386,1,4,9,0,7.2,12481000
2077,6,1,22,3,7.4,13029500
649,1,3,15,3,9.5,7321500
3530,1,5,14,3,7.5,17255000
3552,3,1,0,1,5.9,16792000
1526,6,2,21,0,6.8,10611000
3240,4,4,15,2,9.3,17910000
1798,4,5,17,1,9.4,12903000
3089,3,5,8,3,6.1,16451500
1616,6,1,4,2,8.1,12396000
662,1,2,13,1,6.1,5407000
2234,1,1,25,1,7.2,10449000
2817,2,5,3,2,6.5,15209500
3851,4,4,6,1,7.0,19378500
1094,2,5,24,0,9.4,8889000
3872,6,3,20,0,6.4,19012000
1399,5,2,11,3,6.6,10686500
2385,4,5,25,2,8.7,14477500
688,4,3,11,2,7.7,8238000
2284,3,3,24,0,9.6,13034000
2261,6,5,3,3,9.9,16823500
1806,4,3,18,3,7.9,12081000
3158,5,5,25,2,6.3,16723000
3864,3,5,18,3,7.0,19024000
2130,4,3,2,2,9.4,14415000
3697,1,3,16,3,8.2,17419500
3146,3,1,25,1,8.8,15281000
2579,6,5,11,2,8.6,16816500
1670,6,2,8,3,9.9,13605000
2114,4,3,16,3,8.1,13339000
1557,3,4,3,0,6.5,10599500
2889,2,2,2,0,7.8,14731500
3093,5,3,0,0,8.3,17545500
2564,4,5,14,3,7.0,15174000
2914,5,3,1,0,9.7,17429000
3164,3,1,15,2,5.3,14644000
1145,6,5,0,0,6.9,11267500
1177,4,3,1,0,9.0,10569500
2896,1,5,10,2,7.5,15036000
2691,4,3,15,1,6.0,14168500
2739,6,2,0,3,9.0,17386500
2685,4,4,2,1,8.7,16177500
2659,5,3,15,1,8.8,15676500
1865,3,1,22,2,9.3,11347500
1828,2,2,17,2,7.9,10708000
3096,2,3,15,1,6.2,14666000
2984,2,5,14,1,9.2,16124000
2591,6,1,16,2,7.7,15048500
2690,2,3,23,0,8.6,13605000
3078,4,4,18,3,9.6,17513000
3836,3,2,22,0,6.4,16986000
1682,4,2,11,3,9.3,12257000
3684,1,4,5,1,8.5,17944000
1495,4,4,7,1,6.4,10842500
3531,4,2,0,2,9.9,19318500
1901,5,2,16,3,7.4,12513500
1286,1,5,1,3,7.4,10011000
2236,4,3,19,1,6.7,12656000
942,5,3,8,2,9.7,10577000
1535,1,4,4,1,8.1,10312500
3992,3,4,25,3,7.0,18822000
3158,4,2,2,2,6.7,16633000
1433,4,2,7,1,7.6,10505500
2051,4,5,12,1,8.2,13558500
2574,3,4,8,2,7.0,14509000
999,4,4,17,3,5.4,8606500
2832,2,4,8,3,8.8,15832000
3656,2,2,15,0,9.0,17246000
1755,6,5,11,1,6.7,12972500
634,6,1,7,0,6.8,7889000
3389,5,3,3,1,5.1,17351500
1170,4,5,12,0,7.6,10035000
872,4,4,23,1,6.6,7942000
2032,5,2,6,2,5.3,12432000
2674,4,5,17,3,8.0,15809000
2773,1,3,22,3,6.5,13205500
1891,1,3,8,3,5.2,10298500
2820,2,5,5,0,8.9,15680000
3655,5,2,22,3,6.4,17952500
1493,4,3,19,3,9.0,11375500
614,5,2,4,2,8.9,9009000
2361,3,5,23,0,6.8,12833500
3632,4,4,2,1,9.9,19972000
2760,1,2,7,0,7.4,13370000
1623,1,3,11,3,8.0,10330500
2358,2,3,13,1,7.4,12663000
2054,5,4,12,1,6.1,12929000
2948,1,1,10,3,6.2,13698000
1365,3,5,6,0,8.9,11037500
3640,4,1,15,1,8.8,18010000
1322,2,2,16,2,8.4,9187000
753,2,5,25,1,7.1,6925500
1487,4,5,14,3,5.2,10684500
2309,1,3,7,3,6.9,12491500
1933,4,2,7,1,6.6,11855500
1433,2,3,20,3,9.1,10155500
2282,3,2,8,0,8.7,13167000
3376,4,1,0,3,7.2,17596000
945,3,1,11,1,5.5,6957500
2321,6,3,24,3,7.4,14383500
1544,4,2,9,0,5.4,9714000
3672,1,1,24,1,8.8,16172000
761,4,4,4,1,7.5,8863500
2763,3,4,23,0,7.4,14180500
1063,2,3,21,3,9.7,9050500
3635,6,5,13,1,6.0,19172500
2132,3,1,20,0,6.3,10782000
2368,3,4,5,3,8.6,14778000
3268,5,5,17,0,5.8,16908000
1557,5,5,19,2,9.4,12659500
621,6,2,12,1,6.3,7893500
3986,2,5,9,3,7.1,19441000
1061,1,4,13,2,8.8,8683500
1308,6,4,8,3,5.6,11218000
2219,3,2,17,0,8.8,12536500
1186,2,3,18,3,5.2,7831000
1501,4,1,24,1,6.8,9273500
3469,3,4,3,2,9.5,18891500
3112,1,3,2,2,9.3,16312000
2930,2,4,7,0,9.1,15745000
3296,4,4,0,0,8.8,18256000
2823,6,5,10,1,7.5,17080500
3258,5,1,12,2,5.7,16283000
2667,3,3,8,0,5.1,13374500
1334,6,3,25,3,7.6,10959000
3359,2,2,23,1,8.8,15926500
1569,2,2,23,2,6.1,8781500
2041,1,3,15,3,6.0,10793500
3520,1,3,25,3,5.6,15310000
3324,4,2,17,3,6.0,16384000
3340,1,3,19,2,5.4,14700000
3285,1,1,10,1,5.7,14277500
2402,2,2,11,3,8.4,13417000
1207,6,3,12,1,9.4,11484500
2964,2,4,12,3,6.4,15134000
1177,6,2,11,2,6.6,10209500
2498,1,5,19,3,7.4,13353000
3484,6,4,0,3,9.6,20834000
2608,6,4,2,1,5.1,15468000
3007,4,3,8,3,5.2,15704500
3016,6,1,7,0,5.7,15786000
1184,5,1,8,3,6.4,9704000
3650,5,1,20,2,5.1,17015000
2435,6,2,14,1,10.0,15622500
1469,6,2,14,1,8.6,11681500
2072,2,3,15,0,8.6,11842000
942,5,4,23,3,6.0,8847000
1797,1,5,24,3,6.6,10329500
1790,5,4,2,0,8.8,13385000
3516,3,5,1,1,5.1,17496000
1276,5,1,19,2,6.9,9476000
3268,3,4,1,2,8.5,17888000
2416,3,4,3,3,5.6,13846000
3719,5,3,22,0,9.2,18996500
999,5,5,17,3,5.0,9246500
2166,1,3,14,2,6.7,11361000
1266,6,2,0,3,8.0,11831000
2376,2,2,12,3,5.8,12236000
2773,1,2,21,1,5.6,12195500
1877,3,1,9,0,5.5,10119500
1686,5,2,3,1,6.3,11571000
1004,2,2,14,0,7.6,7454000
2373,4,3,25,1,9.8,14075500
2028,1,4,15,2,9.9,12408000
3727,1,5,21,1,8.7,17674500
2671,6,1,4,3,8.1,16288500
1016,4,2,1,2,8.9,10066000
3658,3,1,2,0,6.9,17263000
1365,5,1,10,3,7.5,10677500
1246,1,3,16,3,9.4,9321000
3089,2,3,5,2,10.0,16861500
3087,3,1,19,3,7.1,15094500
2097,4,3,23,3,7.9,12849500
3480,6,2,17,1,8.9,18690000
3124,2,1,3,2,7.3,15404000
1059,1,1,5,0,7.2,7136500
2205,4,2,14,2,6.1,12457500
3692,2,1,14,3,7.3,17042000
2439,3,2,16,2,9.0,13836500
2558,5,3,23,1,5.8,13723000
1951,5,3,1,3,5.6,13018500
1342,4,2,18,3,6.9,9757000
2469,1,2,15,3,6.0,11991500
2451,1,4,4,3,9.8,14598500
2864,4,5,5,2,8.4,17034000
1143,2,5,25,0,6.3,7770500
1780,1,2,19,3,5.1,9020000
2880,5,1,16,2,7.7,15560000
858,6,1,9,1,8.5,9453000
2220,4,5,8,0,10.0,14870000
2684,6,1,6,1,5.5,14794000
2093,6,2,23,2,9.4,13935500
2538,6,4,22,2,5.5,14583000
613,6,2,13,2,5.3,7615500
1625,4,3,23,3,5.7,10317500
2896,6,2,9,2,9.9,17646000
1410,2,5,4,1,8.9,10995000
2731,5,3,24,3,9.9,16318500
3680,1,5,4,1,8.2,18160000
1267,1,1,22,0,5.4,6294500
2547,3,5,2,1,5.2,14094500
2151,6,1,16,2,5.0,12428500
3235,1,5,24,3,7.3,15642500
1778,6,2,2,1,5.8,12243000
3076,2,4,13,3,5.0,14916000
3807,3,1,11,1,7.0,17574500
1918,3,4,7,1,6.7,11943000
902,5,2,12,3,9.1,9897000
2215,6,2,13,2,5.6,13342500
3093,2,3,0,0,8.0,15925500
1592,3,1,25,0,8.8,9642000
3547,2,2,2,0,8.4,17274500
3340,2,1,14,1,9.6,16330000
3996,1,3,13,2,5.2,17216000
3381,4,5,20,1,9.2,18213500
2472,3,4,9,2,9.4,15062000
2777,1,5,15,1,8.6,14609500
2004,6,5,25,3,7.3,13784000
982,3,2,0,2,5.3,8057000
2008,2,2,14,2,8.9,11888000
1684,1,3,24,1,7.2,9174000
2225,2,3,9,1,9.4,13197500
3399,2,2,7,1,6.4,15906500
3375,6,1,23,2,8.6,17802500
2115,3,2,8,3,5.9,12062500
2924,2,2,18,3,5.3,13654000
2354,1,2,10,2,7.7,12319000
1370,1,2,0,1,5.7,8375000
2702,6,2,14,1,9.4,16317000
703,1,2,9,1,8.1,6550500
3758,2,5,14,2,6.6,17993000
3749,1,4,1,1,8.3,18291500
3083,3,5,12,2,9.2,17270500
1727,2,2,22,1,7.7,9824500
1449,5,2,3,1,5.3,10341500
707,2,2,14,3,8.3,7294500
1379,1,1,24,2,9.2,8506500
2613,2,4,18,1,7.4,13605500
2540,2,3,10,3,5.5,13090000
2364,5,3,9,2,5.8,13944000
1040,2,4,6,3,7.9,9300000
2065,6,3,14,0,9.0,14027500
3341,3,4,20,0,7.0,16193500
1968,3,4,1,0,7.1,12378000
3404,3,4,20,0,8.5,17014000
1589,2,5,14,0,8.8,10881500
3253,6,3,18,1,9.4,18345500
3026,1,4,2,2,6.8,15311000
1579,1,4,10,2,8.9,10686500
1206,3,3,8,0,8.3,9541000
3986,6,4,21,2,7.9,20661000
1176,3,1,23,0,5.6,7006000
2587,4,5,8,1,5.4,14514500
1197,5,4,9,3,9.5,11839500
2421,5,2,9,1,8.7,14803500
3754,4,4,4,2,9.9,20499000
2316,5,4,13,1,6.0,13756000
920,6,4,1,0,7.0,10170000
1682,2,2,6,0,6.5,9787000
723,1,3,7,3,8.9,7740500
3383,4,4,8,2,6.8,17760500
3988,4,1,16,0,5.0,17458000
1168,5,2,6,0,5.9,9248000
1596,4,2,7,0,5.3,9956000
1551,2,2,10,2,8.8,10448500
2080,4,5,25,2,7.0,12730000
2054,4,5,9,3,8.4,14199000
1347,2,4,15,2,7.0,9364500
947,4,4,24,1,6.3,8034500
3992,6,4,11,0,9.1,21262000
842,3,4,12,2,7.6,8487000
1932,3,3,17,2,5.7,10992000
1131,2,3,20,2,8.0,8458500
2218,1,3,11,2,5.7,11293000
2460,3,3,24,3,9.6,14250000
3229,1,3,4,1,6.7,15381500
2697,2,1,9,0,8.9,13849500
915,1,3,15,2,8.0,7452500
2421,6,1,1,3,5.2,14403500
3589,5,1,6,1,6.8,17981500
738,2,4,18,3,6.1,6923000
3442,6,1,10,1,9.9,19007000
1412,5,2,19,0,7.9,10252000
2398,2,1,15,2,5.1,11383000
2014,3,4,8,3,9.5,13749000
750,4,2,16,1,9.0,8225000
3486,2,1,19,3,8.6,16591000
1149,5,4,16,2,6.1,9761500
2681,3,4,2,2,10.0,16383500
1100,5,1,8,2,8.0,9850000
2555,4,3,19,2,6.3,13812500
2944,2,1,7,2,7.0,14454000
3794,2,3,7,0,6.2,17309000
1035,2,4,11,0,6.1,7712500
3813,4,5,3,0,7.4,19655500
690,2,3,10,1,6.5,6615000
2623,2,1,11,3,5.6,12770500
3355,3,2,11,3,6.3,16412500
1207,4,1,7,2,7.0,9374500
3580,3,4,12,3,9.5,19030000
1389,3,5,9,3,8.2,11291500
1731,6,4,15,1,7.9,12868500
1439,2,5,13,1,5.5,9286500
3236,4,4,4,3,9.9,18886000
1860,2,2,12,3,7.1,10950000
2879,2,2,10,2,5.0,13576500
3183,3,1,8,0,5.8,14860500
2288,5,2,6,1,7.5,14008000
2491,4,5,18,0,9.2,14998500
2811,2,3,7,0,9.2,15068500
2246,5,2,20,0,8.3,13281000
2047,6,2,22,2,7.0,12864500
2940,6,1,25,1,8.6,15980000
2029,2,4,2,3,5.3,11921500
2450,3,1,17,0,9.8,13445000
1767,6,1,8,0,7.8,12204500
1535,5,1,4,1,6.0,10572500
3899,4,1,18,1,10.0,19246500
1295,1,1,18,2,6.4,7392500
2735,1,3,9,1,5.6,12962500
2185,4,1,11,3,6.5,12597500
3045,3,5,3,2,6.0,16307500
781,2,5,10,0,6.6,7373500
3569,1,3,25,1,6.4,15401500
1934,1,1,6,1,5.0,9469000
2511,2,2,14,2,9.3,13808500
2037,4,4,22,0,8.2,12509500
1004,3,5,17,0,5.5,7864000
1572,4,2,13,0,9.5,11252000
1371,4,2,9,0,9.8,10868500
3766,4,1,19,2,7.8,18051000
1023,3,5,4,2,9.6,10620500
2705,3,4,5,0,5.0,13917500
665,6,2,19,3,6.8,8297500
874,2,3,21,3,9.3,8229000
2296,4,5,13,1,9.7,14966000
3530,2,4,17,0,10.0,17705000
2852,5,5,19,2,5.4,15592000
1218,6,3,16,3,5.6,10203000
1967,3,4,8,2,7.7,12664500
3246,2,1,25,2,7.2,14691000
1221,4,5,19,0,7.2,9703500
2414,1,3,17,3,7.1,12439000
629,2,5,4,1,9.7,8581500
3264,4,2,14,2,6.7,16404000
663,4,5,21,3,9.6,9210500
1563,2,3,14,2,6.3,9590500
2383,6,3,7,3,9.9,16450500
1942,4,3,5,2,9.2,13527000
1672,5,1,0,1,5.1,10892000
1813,3,1,19,2,5.5,9795500
1416,1,2,8,3,5.3,8376000
2587,5,1,14,0,8.3,14474500
3088,4,5,4,1,8.0,17508000
1428,5,3,12,3,9.1,12038000
3692,5,3,13,2,8.7,19552000
3913,1,2,8,1,7.8,17715500
3375,2,1,8,0,7.3,15632500
1882,5,1,21,2,7.8,11857000
2438,5,1,14,3,7.1,14073000
1365,2,2,10,1,7.8,9197500
742,6,3,16,1,5.7,8177000
2558,2,2,3,3,6.7,13683000
1103,3,4,25,2,6.1,8150500
2384,1,1,6,0,6.7,11524000
1197,5,2,17,3,7.0,9839500
3992,6,1,24,1,7.4,19232000
2283,6,5,12,3,6.5,15090500
2321,6,4,24,1,5.6,13563500
3169,5,4,12,3,9.1,18431500
2987,3,3,8,1,6.1,15094500
3273,3,5,12,1,8.2,17335500
1768,1,2,5,2,9.6,11278000
3999,2,3,15,0,6.7,17826500
723,2,5,21,0,7.4,6940500
1398,5,1,11,1,9.8,11263000
2202,1,1,23,0,6.4,9917000
2776,1,5,20,2,9.3,14836000
3549,1,3,10,3,8.9,17481500
1734,5,2,4,2,7.0,12169000
688,5,2,9,3,9.5,9458000
977,6,5,5,0,9.4,11429500
3283,1,4,25,0,6.4,14500500
841,5,4,8,2,5.1,8683500
3697,4,4,13,1,8.7,19169500
1547,3,3,11,2,8.7,11144500
811,6,2,16,2,8.2,9318500
2452,3,1,25,3,9.6,13572000
3373,6,5,24,1,6.5,17905500
3450,2,2,16,1,8.5,16475000
1217,5,1,9,3,7.7,10289500
987,1,1,14,0,7.3,6474500
879,5,4,1,2,7.1,9966500
2551,4,4,10,1,8.0,15028500
3452,1,1,23,1,6.0,14332000
2778,6,1,0,2,5.9,15783000
1956,5,3,17,0,7.3,12316000
1060,2,4,12,2,9.1,9350000
1996,2,5,0,1,5.9,12046000
1876,5,4,2,3,8.2,14046000
2726,4,4,2,1,9.8,16761000
1513,6,1,20,2,6.6,10635500
1785,1,2,6,1,9.6,11087500
2496,2,2,13,0,6.7,12366000
2738,2,3,7,0,8.7,14613000
2992,1,2,11,2,9.5,15222000
2561,2,3,23,2,8.4,13473500
2664,6,5,16,1,9.3,16944000
3643,1,1,8,1,6.2,15830500
2789,6,3,0,1,5.0,15861500
2843,5,1,14,0,6.6,14690500
2029,4,3,0,3,7.5,13601500
2359,3,2,12,3,7.4,13316500
3910,3,1,8,2,7.6,18525000
1706,6,5,8,3,6.6,13311000
2673,5,2,21,3,9.3,15725500
2980,1,2,16,3,8.6,14770000
3394,4,1,5,2,9.2,18009000
2404,3,5,23,2,9.0,14264000
857,3,5,3,2,8.2,9529500
2643,3,3,11,0,9.4,14860500
811,4,3,1,0,8.7,9168500
3908,1,2,25,3,5.0,16128000
2629,6,2,18,1,5.7,14381500
988,4,4,4,3,9.2,10738000
2014,6,4,11,1,5.5,13099000
3132,6,4,8,2,7.1,18002000
1583,2,2,6,3,10.0,11440500
3952,4,1,19,0,6.2,17662000
1407,6,3,4,1,6.9,11584500
1136,2,4,24,3,7.9,8736000
2375,4,4,24,3,5.8,13232500
1689,3,1,16,1,7.0,9911500
2879,6,4,10,1,5.1,16016500
2053,1,3,4,2,8.0,11985500
1933,5,2,15,0,5.2,11195500
1148,6,5,25,2,6.6,10308000
2444,1,4,12,3,7.8,13374000
3094,4,1,17,0,9.4,16039000
2761,4,1,4,1,8.0,15163500
3687,3,5,7,2,7.6,18994500
890,2,2,12,3,7.4,7675000
3639,1,5,2,0,7.7,17716500
1431,3,1,17,2,7.1,9198500
2334,1,5,16,1,9.2,13249000
1983,5,1,6,1,8.9,13200500
2433,1,1,10,2,7.6,12255500
3170,5,3,14,2,10.0,18195000
2917,1,2,5,3,9.8,15579500
1286,2,5,22,3,6.8,9221000
3317,3,3,17,3,9.2,17439500
1833,2,5,10,1,9.2,12295500
3028,3,4,8,3,7.7,16578000
3261,5,1,10,2,9.5,17913500
2822,1,3,9,3,7.5,14427000
1561,5,4,14,0,6.0,10863500
2250,6,1,4,0,6.2,13455000
956,2,2,21,1,9.7,7976000
2873,1,4,5,3,7.0,14905500
2155,4,5,12,3,6.9,13802500
2531,5,5,4,0,7.7,15738500
1425,6,3,24,0,9.3,11407500
3053,4,4,23,2,8.0,16335500
2970,4,1,24,3,5.1,14135000
1988,2,2,17,3,9.7,12188000
1097,6,1,6,0,8.8,10359500
1799,1,4,3,3,8.4,11806500
3260,4,1,0,3,9.7,18190000
2514,6,5,6,2,6.8,16119000
926,4,3,9,2,6.3,8611000
2561,4,2,2,2,5.8,14183500
3370,1,5,11,3,9.8,17765000
1393,1,4,7,0,6.4,8785500
620,4,4,14,2,9.5,8870000
1735,2,2,5,3,9.8,11942500
1126,5,1,1,1,8.1,10131000
1824,2,5,19,2,8.6,11774000
2591,6,1,19,1,8.3,14938500
3702,3,1,17,0,8.3,17227000
3889,5,5,16,2,5.9,19571500
3672,4,2,4,1,9.9,19412000
1200,1,3,22,2,6.7,7580000
1252,1,1,9,3,6.5,7932000
810,6,4,8,0,5.3,8755000
3004,4,2,22,2,6.2,14894000
3758,2,1,22,3,8.9,17513000
3864,1,5,19,1,10.0,18774000
770,3,1,5,3,9.2,8525000
3711,3,3,17,1,9.8,18658500
860,6,3,20,1,5.6,8350000
991,3,4,17,3,7.0,8718500
630,3,4,10,3,6.5,7605000
1256,6,3,4,1,5.7,10576000
1101,4,2,13,0,7.7,8883500
3036,4,3,11,2,7.8,16496000
1625,2,2,24,3,9.8,10607500
730,1,3,2,0,5.8,6175000
1401,5,1,22,1,8.3,10123500
3634,2,4,22,0,9.2,17499000
2336,3,1,12,0,8.3,12696000
3428,2,2,6,0,5.4,15458000
3101,6,1,23,2,9.6,17243500
795,5,5,22,2,6.9,8842500
2627,3,5,3,3,5.3,14764500
2640,1,5,0,2,6.6,14280000
3959,5,5,5,0,6.6,20246500
680,5,5,13,0,5.5,7930000
3574,3,3,6,2,8.8,18529000
2523,2,1,6,1,7.4,12990500
1729,1,5,21,2,6.8,10121500
876,3,3,3,0,6.1,7756000
1235,4,2,8,2,7.1,9762500
3366,6,1,17,3,8.2,18111000
1222,1,2,20,1,8.9,8137000
944,5,2,25,2,8.5,8954000
2282,4,3,8,0,6.8,13207000
2827,3,4,22,3,7.5,15094500
840,6,2,24,2,5.4,7900000
1024,6,1,19,1,7.9,9294000
2717,2,5,13,3,5.1,13999500
1592,4,4,13,0,7.6,11162000
1484,1,2,7,3,7.4,9504000
3405,6,1,16,0,9.0,18017500
2416,4,3,23,3,8.4,14166000
1447,3,1,23,2,9.2,9794500
3809,6,3,15,0,8.9,20041500
1452,5,2,1,1,7.7,11412000
2204,5,1,4,1,6.2,12994000
3778,2,1,3,3,6.1,17413000
3371,3,5,25,1,9.6,17588500
3916,3,5,12,0,7.1,18946000
2780,3,5,12,3,8.7,16210000
1678,2,5,24,2,5.9,9933000
2632,1,4,11,0,7.9,13522000
2577,1,1,2,1,6.1,12359500
2352,6,5,13,3,6.0,15082000
1806,3,5,18,1,7.0,11421000
3539,2,5,8,0,7.7,17566500
1824,5,5,14,0,7.3,12604000
1525,2,2,18,3,9.3,10357500
1863,3,5,2,1,9.4,13380500
1977,2,2,2,1,7.3,11539500
3039,5,4,13,0,5.7,15966500
1781,2,3,1,3,7.2,11563500
3872,3,5,2,0,10.0,20452000
3459,3,1,21,1,8.3,16376500
3695,4,3,18,1,7.6,18172500
757,6,1,17,1,5.5,7499500
3573,3,4,13,2,7.2,17835500
1951,4,3,4,0,6.5,12128500
2791,1,2,17,2,5.5,12618500
2997,1,2,23,2,8.4,14199500
3620,5,1,1,2,5.0,17820000
1090,4,4,15,0,5.6,8505000
1339,2,5,7,0,6.2,9316500
3508,3,5,0,2,6.1,18118000
1905,6,2,5,3,7.6,13657500
1049,5,5,19,3,5.2,9401500
3610,1,1,2,3,9.2,17615000
1484,3,2,25,1,7.0,9044000
2438,3,2,5,0,8.6,13823000
857,3,4,15,1,8.7,8629500
1910,6,3,7,2,9.5,14435000
793,3,4,13,2,5.1,7265500
2513,1,1,11,2,7.4,12405500
1093,4,4,18,0,9.1,9765500
2854,5,3,16,1,6.1,15229000
1926,5,2,1,1,6.3,12511000
3984,3,3,13,0,8.5,19094000
3889,2,1,18,0,6.8,16731500
2589,1,2,7,3,9.9,14371500
3334,1,3,17,1,8.7,15899000
1111,3,3,25,3,7.6,8678500
2602,4,3,24,1,5.1,13047000
3567,6,2,22,2,9.8,19304500
908,1,4,2,3,7.5,8378000
790,1,3,5,0,6.3,6435000
3265,2,5,25,2,9.7,16957500
1194,3,3,11,3,7.6,9669000
1887,2,4,9,3,6.3,11474500
2854,5,5,9,1,9.3,17459000
1502,3,2,16,3,7.3,10077000
725,3,1,21,1,6.9,6247500
1130,2,4,4,0,6.8,8675000
3717,5,3,19,1,9.1,19299500
3170,4,2,6,1,9.6,17435000
3482,4,3,21,3,9.5,18437000
601,3,3,7,1,6.5,6953500
3259,4,4,0,3,8.5,18606500
3813,1,1,16,2,8.2,17025500
1993,3,2,7,2,8.7,12605500
1396,2,3,21,3,6.9,9096000
725,6,5,6,1,5.8,9257500
1340,6,3,13,1,5.4,10300000
1670,1,1,25,0,8.0,8595000
2925,5,4,16,3,8.4,17097500
1919,4,3,11,3,9.5,13466500
2755,2,2,20,2,9.7,14522500
1580,1,1,24,1,6.1,7770000
3933,5,4,0,0,6.4,20025500
1225,1,2,4,2,8.6,9027500
875,3,4,21,1,9.0,8512500
1813,2,1,25,1,5.0,8595500
3320,4,4,16,3,8.6,18060000
1582,4,5,14,3,5.2,11017000
3048,4,5,5,1,9.5,17918000
1484,4,3,2,2,6.6,11034000
2201,1,5,3,2,9.2,13633500
1624,4,4,7,1,6.6,11374000
674,6,2,4,0,5.2,7839000
3956,1,1,19,0,6.8,16416000
2365,4,4,13,3,8.5,14827500
3665,5,5,12,1,5.7,18707500
1784,2,1,22,2,9.6,10684000
2422,1,3,24,1,6.5,11477000
1235,3,3,22,2,6.6,8662500
3095,3,4,3,2,5.0,15782500
1163,4,1,2,2,5.5,8870500
1691,5,5,4,0,9.0,13318500
2506,6,4,0,0,5.1,15011000
1598,2,1,25,0,8.1,8883000
1091,5,4,19,2,9.0,10568500
2230,4,2,14,3,9.4,14065000
2937,3,2,24,2,6.0,13979500
2575,5,2,13,1,8.7,15142500
1087,2,2,7,0,9.6,8894500
2408,4,2,15,1,5.6,12718000
3844,1,5,18,0,8.1,17794000
1490,2,3,11,0,8.6,10005000
2089,3,4,6,1,10.0,13911500
1839,5,2,5,2,5.4,11846500
1809,6,3,22,3,9.9,13691500
861,4,4,18,2,9.9,9673500
2882,5,3,19,2,5.1,14977000
3584,3,3,16,0,6.0,16544000
3269,6,4,6,3,6.5,18541500
3316,6,4,6,2,9.9,19866000
1749,1,1,20,0,7.6,8961500
3369,6,4,13,0,9.7,19221500
2815,1,5,3,0,5.9,14062500
2247,4,3,5,3,9.5,14914500
954,4,1,3,1,7.3,8609000
1112,3,5,22,1,6.1,8432000
2887,6,4,25,1,6.2,15734500
3678,4,1,15,1,6.9,17383000
848,6,4,12,2,6.0,9368000
1858,2,1,24,0,9.1,10243000
2657,3,2,0,3,6.2,14479500
1667,5,5,13,2,7.0,12384500
3200,2,4,0,0,6.0,15800000
1880,6,3,16,3,9.9,14240000
2162,1,5,4,2,5.1,11807000
3809,3,4,5,2,8.2,19461500
1109,2,1,24,3,8.0,7781500
1932,3,5,24,3,8.6,12602000
3974,3,2,9,1,9.7,19639000
3583,3,4,18,0,6.0,16740500
2482,5,5,11,3,5.0,14737000
1960,3,3,5,2,9.7,13290000
2123,5,4,16,3,5.6,13170500
2121,4,1,8,1,7.5,12523500
1586,4,1,1,3,5.2,10481000
739,4,1,9,2,6.0,7236500
3243,4,1,14,1,9.4,16910500
3725,1,1,24,1,5.5,15037500
1738,4,4,4,2,8.9,13043000
1565,6,2,5,3,6.2,11907500
1667,3,2,1,1,10.0,12084500
1457,1,3,6,2,5.6,8839500
3944,4,1,16,2,8.1,18944000
1472,6,3,10,0,5.9,10912000
2964,3,4,10,3,7.9,16334000
857,3,1,1,0,7.0,7549500
3286,4,1,15,2,7.5,16451000
1403,6,4,14,2,6.6,11450500
3270,4,4,24,1,8.7,17125000
2240,4,5,25,3,8.9,14250000
2568,6,3,21,0,5.4,13998000
3783,1,3,18,3,5.3,16460500
3637,3,1,24,0,9.5,17129500
3842,2,5,18,3,8.4,19007000
3937,6,2,14,1,5.0,18879500
3193,2,5,7,3,8.9,17485500
3863,5,5,2,1,9.7,21500500
2869,4,2,12,2,8.7,15921500
2585,6,1,5,2,5.9,14857500
2457,6,4,11,3,9.8,16769500
2131,5,4,2,3,8.4,15018500
2153,1,4,21,2,8.9,12145500
609,5,4,0,3,5.1,8471500
2140,2,5,4,2,8.4,13550000
961,1,1,16,3,7.4,6923500
1481,2,2,9,0,9.6,10173500
1802,2,1,21,3,6.5,9757000
1871,6,2,13,1,7.9,12858500
1287,5,5,4,1,7.0,11304500
1213,4,4,23,0,5.1,8335500
1492,3,5,17,2,6.1,10212000
3043,2,5,16,0,9.6,16190500
934,1,5,9,0,7.3,7739000
1059,5,5,21,2,7.0,9856500
781,4,4,1,3,6.7,9163500
1500,5,5,5,3,8.7,13080000
2407,3,5,3,2,8.5,15074500
3925,2,5,13,2,9.0,19587500
2662,5,5,18,1,7.2,15497000
2138,1,5,2,2,7.5,12783000
1649,4,4,22,3,6.3,10991500
2243,6,4,9,2,6.5,14600500
1467,5,1,4,1,7.2,10814500
2457,6,2,12,2,6.4,14559500
3318,1,5,8,3,5.8,16133000
2440,2,4,0,0,8.3,14060000
2330,6,3,20,1,8.7,14735000
1569,6,4,25,3,5.2,11121500
3195,2,4,24,1,6.1,14822500
676,5,2,24,2,9.0,8266000
3450,6,4,6,1,6.1,18615000
2881,2,5,15,3,6.4,14993500
3996,2,4,6,3,9.0,20086000
1663,2,2,19,2,5.5,9070500
750,4,3,2,2,7.2,8705000
3082,6,3,18,2,7.3,17107000
3834,1,5,3,2,5.5,17869000
1944,4,4,12,2,6.4,12364000
2739,1,3,19,2,8.1,13676500
1025,1,3,3,2,9.0,8837500
849,6,1,5,2,5.4,8581500
2694,5,1,22,1,8.0,14529000
2171,4,2,24,3,5.9,11958500
2719,4,1,5,3,9.7,16046500
2848,4,4,6,1,7.4,16028000
1513,6,4,2,2,9.8,13715500
2886,4,1,3,2,5.7,14931000
3125,2,5,10,3,7.5,16537500
1831,6,4,23,3,9.0,13658500
1291,5,4,24,1,8.4,10578500
4000,1,2,24,1,9.4,17860000
3743,3,1,19,3,7.9,17710500
935,2,4,16,1,9.2,8552500
2591,6,5,17,1,7.8,16038500
2506,1,3,12,2,6.8,12691000
1572,4,4,8,1,5.9,10862000
2309,2,2,9,3,9.1,13471500
747,2,1,18,2,5.6,5654500
3943,6,5,23,3,6.8,20470500
3434,5,1,5,1,8.5,18169000
1339,5,4,24,1,10.0,11386500
3437,1,4,2,0,6.7,16309500
3242,5,5,6,2,5.9,17807000
2938,3,3,14,1,8.8,15703000
2937,2,2,7,3,9.8,16049500
3267,5,5,13,3,9.0,18984500
1017,4,1,7,0,7.7,8589500
2998,5,5,1,2,7.7,17923000
3707,1,2,20,1,6.5,15874500
1336,5,4,0,0,5.5,10576000
2383,5,4,18,0,9.7,15020500
1775,3,5,2,2,5.1,11552500
2461,4,3,22,3,7.1,13853500
2023,3,2,12,2,9.4,12740500
2339,1,3,25,3,8.4,12296500
632,1,3,3,2,5.5,6062000
2295,3,1,6,3,7.7,13212500
2301,3,1,4,1,6.1,12293500
856,5,5,13,2,6.4,9306000
3483,3,5,6,0,5.2,16970500
1570,3,4,15,2,8.7,11325000
1461,4,2,18,3,5.1,9453500
3680,4,3,9,0,9.2,19010000
1670,3,2,3,2,8.4,11555000
3204,2,3,14,3,7.9,16174000
1577,5,1,13,2,8.3,11389500
3087,2,2,5,3,8.7,16234500
2551,4,4,3,2,7.5,15378500
1785,2,5,0,0,9.4,12507500
3418,1,2,11,1,5.9,15073000
1168,4,1,7,2,5.7,8718000
3791,4,1,24,0,8.3,17688500
675,3,4,8,0,5.8,6982500
1398,1,2,6,0,7.0,8493000
2994,6,4,5,0,5.8,16749000
2431,1,5,10,3,5.3,12728500
2155,1,1,8,3,8.9,12102500
2476,2,5,5,0,8.3,14236000
3225,2,3,10,0,6.6,15327500
1407,4,4,10,3,7.8,11344500
1654,1,1,7,2,8.3,9959000
2708,3,3,23,1,9.9,14888000
2423,3,3,17,2,7.4,13390500
3486,3,1,15,2,6.9,16411000
3454,6,3,10,3,6.6,18729000
3845,6,2,12,3,7.2,19937500
1724,2,4,15,2,7.6,10924000
2598,5,1,15,3,5.3,13863000
3995,6,5,20,3,7.7,21162500
3377,2,2,8,2,9.8,17339500
2690,3,4,5,1,6.8,14785000
2076,5,4,5,3,9.0,14916000
3266,1,4,3,3,8.2,16861000
2888,2,2,15,1,7.0,13958000
1232,1,3,21,0,5.9,7022000
2653,2,1,6,3,7.2,13765500
1639,5,2,5,3,6.5,11786500
2968,3,3,10,2,9.5,16488000
2276,1,1,22,2,6.1,10506000
3130,5,5,6,3,7.1,18095000
1115,1,5,12,2,6.0,8102500
1355,6,1,14,1,9.3,11262500
1970,5,2,23,3,7.1,12285000
3760,1,2,6,0,9.0,17560000
3004,5,3,12,1,8.7,16994000
1823,2,4,1,0,7.5,11530500
2086,5,2,22,1,6.6,12141000
3280,6,2,23,2,5.6,16570000
1510,3,3,17,2,9.6,11075000
2419,4,2,22,1,6.6,12806500
3915,1,2,5,0,6.9,17312500
2027,4,1,21,2,8.9,12304500
647,6,4,24,2,8.2,8944500
704,5,4,21,3,5.8,8034000
3975,4,5,13,0,6.8,19482500
796,6,1,13,3,5.8,8356000
1087,1,1,12,2,8.6,7844500
3256,3,4,12,3,8.2,17376000
3276,6,4,3,2,8.5,19316000
846,6,5,23,3,8.3,10231000
2579,6,5,11,0,5.4,15136500
2260,1,1,8,3,7.1,11750000
2568,4,2,25,3,7.5,13938000
1407,6,5,7,3,9.0,13274500
2456,6,2,25,1,7.9,14306000
3351,6,1,15,1,9.7,18358500
1002,3,3,22,0,5.5,7007000
3856,5,4,7,3,8.6,20886000
3540,5,3,16,3,6.2,18070000
1086,3,5,24,1,6.4,8361000
2580,6,5,14,2,6.8,15950000
1579,3,5,14,0,7.1,10666500
692,1,1,24,0,7.6,5062000
3966,3,5,13,3,5.5,19031000
1762,6,5,10,2,9.3,14287000
1152,2,4,3,1,5.4,8442000
711,4,4,8,1,5.8,7808500
3360,1,1,4,3,6.4,15520000
656,4,2,13,3,5.8,7166000
1621,5,4,20,2,5.5,10973500
3477,4,5,19,1,8.4,18279500
3470,1,3,11,1,6.7,15875000
2503,3,2,23,3,7.3,13230500
2522,1,5,15,3,6.0,13077000
1196,1,4,12,0,5.8,7606000
1056,3,1,13,0,5.3,6966000
3710,5,1,18,0,7.8,18005000
3778,6,5,24,2,9.5,20723000
1583,1,1,9,0,6.8,8610500
1890,1,4,6,2,8.3,11735000
2922,3,2,10,0,5.9,14187000
923,3,5,12,3,7.5,9230500
3424,3,1,9,1,8.0,16734000
1725,5,4,15,3,7.0,12387500
1370,6,3,16,1,5.0,10095000
2622,1,1,15,3,6.8,12547000
3110,2,4,23,0,9.9,15895000
1569,5,2,21,2,6.2,10421500
1572,6,1,16,3,6.1,11042000
3607,6,4,5,3,6.5,19774500
1698,3,2,25,2,7.4,10153000
1847,6,1,14,1,8.5,12664500
3432,5,5,0,3,9.7,20492000
1108,5,4,24,3,6.0,9378000
2774,4,3,24,1,7.5,14609000
631,2,4,20,2,7.9,6968500
2838,4,5,9,0,5.2,15063000
1413,6,5,2,3,5.2,12025500
3451,2,4,8,0,7.5,16878500
2011,3,1,4,2,6.4,11598500
1464,5,1,13,1,9.9,11434000
3130,2,1,2,1,6.7,15035000
703,1,1,19,0,6.1,4750500
2078,6,3,9,0,9.2,14403000
2777,6,1,24,3,9.3,16139500
1619,3,2,21,3,8.9,10876500
3416,3,4,19,3,8.0,17506000
3495,6,5,14,1,9.8,20152500
3454,4,4,20,0,7.4,17249000
2502,4,2,13,3,7.8,14427000
1597,2,1,5,0,7.8,9759500
991,4,1,8,2,7.3,8688500
3585,6,3,6,0,8.3,19467500
2418,6,5,16,1,6.1,14803000
1529,3,1,22,3,8.4,10011500
2279,3,3,1,2,5.7,13006500
1457,1,2,2,2,9.0,10099500
3664,1,3,11,2,6.9,16834000
3646,6,4,9,2,9.9,20871000
3005,6,2,11,2,6.9,16727500
2640,5,5,24,1,8.1,15480000
2147,2,2,10,2,6.0,11414500
1913,4,5,4,3,7.2,13475500
813,4,3,23,2,6.5,7595500
3076,1,4,12,0,6.5,14466000
749,6,2,7,2,8.9,9831500
1992,4,4,15,2,5.8,12142000
3557,5,1,12,0,6.5,17249500
3239,6,1,24,1,8.9,17196500
1896,1,2,13,1,9.3,11006000
1352,4,5,2,1,7.8,11452000
2034,4,2,25,1,7.0,11469000
2191,4,5,11,3,8.2,14498500
3502,2,4,12,3,9.1,18097000
2136,2,1,5,0,7.0,11326000
1275,2,5,7,1,8.7,10292500
1690,4,1,21,0,5.7,9445000
699,6,5,7,3,9.2,10876500
2415,3,4,18,1,9.8,14372500
2050,6,1,15,1,5.2,12005000
1570,5,1,16,1,7.2,10575000
3212,3,3,18,2,7.6,16182000
1428,3,4,24,0,7.9,9658000
1405,2,3,2,0,7.2,9597500
3601,4,1,15,0,7.1,16993500
3390,2,3,17,0,9.9,16875000
673,6,2,18,1,7.8,8375500
2475,5,5,9,0,6.1,14652500
3692,4,5,18,0,7.2,18402000
3675,5,1,25,3,5.1,17052500
1067,5,5,13,2,8.6,10924500
2509,5,3,0,0,7.9,15341500
2491,3,5,0,2,7.7,15198500
3322,5,2,3,0,8.8,18097000
2808,3,5,15,1,9.2,15958000
2463,1,1,18,0,9.0,12120500
2707,4,2,22,1,7.7,14254500
794,2,4,13,0,8.6,7769000
3101,1,2,18,2,6.2,13933500
1757,1,2,7,3,9.6,11339500
2824,3,3,24,3,7.6,14724000
1123,6,1,9,1,6.4,9540500
2670,5,1,19,1,7.9,14555000
2593,5,1,7,3,8.5,15525500
1427,1,4,9,1,5.6,8684500
618,6,3,16,2,7.5,8663000
1643,1,3,23,3,6.7,9280500
2777,4,2,15,1,9.9,15729500
2402,4,4,19,0,8.2,13937000
1881,5,5,3,1,8.0,13833500
2927,6,3,25,2,7.0,16094500
1836,3,1,23,2,9.6,11316000
3599,6,1,4,3,7.4,19256500
917,1,3,11,2,9.4,8219500
3734,2,4,8,0,9.3,18589000
3553,4,5,21,2,7.0,18085500
2740,6,3,15,2,6.0,15540000
2473,4,1,4,2,6.3,13675500
1085,1,2,24,3,7.9,7457500
3102,3,4,14,3,7.1,16297000
3546,1,3,25,0,5.7,14841000
2196,3,1,4,1,8.7,12966000
1783,5,1,7,2,7.5,12090500
3824,2,4,13,0,9.3,18654000
1755,4,4,8,1,9.4,12902500
3535,2,3,25,2,9.7,17302500
3157,1,1,8,1,7.8,14769500
2837,2,1,4,3,5.6,13869500
1020,2,3,6,0,8.6,8610000
3004,6,5,23,3,7.3,17384000
3347,3,4,5,2,9.0,18164500
707,3,4,2,0,5.9,7434500
1656,5,5,17,0,7.1,11786000
3355,3,1,11,2,9.8,17312500
980,3,3,0,2,8.4,9590000
1225,3,4,15,2,6.7,9317500
2139,3,4,0,2,5.2,12666500
2185,3,5,21,1,8.7,13277500
1502,4,2,11,3,5.9,10267000
3627,5,5,22,1,6.7,18474500
2662,6,2,17,1,8.7,15747000
676,2,1,2,0,5.5,5766000
3105,5,3,19,1,10.0,17517500
3599,1,3,0,1,8.9,17756500
2934,1,5,1,2,6.5,15219000
1854,2,1,3,3,5.9,10599000
2237,3,5,3,1,7.5,13879500
1302,3,2,13,3,7.0,9407000
742,4,5,15,3,6.7,8627000
3828,1,3,22,3,5.1,16338000
1580,5,1,11,3,10.0,12380000
638,6,3,9,2,6.3,8603000
1627,5,3,2,3,9.3,13314500
3385,3,4,14,1,6.9,16807500
3625,3,1,16,0,6.6,16327500
2852,6,3,15,0,6.8,15852000
672,4,5,2,2,5.2,8232000
1812,6,1,14,0,6.4,11502000
708,1,1,7,0,8.0,6128000
1663,1,2,21,1,5.9,8430500
2042,4,1,23,0,7.9,11457000
983,1,3,5,2,6.4,7550500
2228,5,5,23,3,5.9,13608000
1864,4,2,15,3,5.1,11014000
2687,2,1,7,0,5.2,12434500
1496,4,3,22,3,6.5,10236000
1448,1,3,15,2,5.1,8158000
745,3,1,18,0,7.1,6347500
2193,3,3,18,2,7.4,12535500
3730,2,5,15,2,6.3,17725000
686,1,5,24,2,7.7,6681000
1862,4,5,3,3,7.7,13547000
3282,2,5,21,3,9.3,17257000
1298,1,4,14,0,6.9,8303000
1107,1,5,14,3,8.1,9014500
2495,3,2,20,2,5.6,12472500
2777,5,1,21,1,6.9,14429500
2774,4,5,9,3,8.1,16599000
784,6,3,22,0,8.6,8984000
2732,6,5,2,2,6.3,16882000
3828,3,2,2,2,7.0,18598000
3204,6,2,24,3,7.9,17374000
865,2,2,4,1,6.2,7107500
1448,6,1,21,3,7.6,10958000
3778,4,4,1,2,9.3,20493000
1950,3,5,19,2,5.1,11315000
815,6,1,5,1,6.5,8702500
2189,5,3,18,3,6.2,13241500
1564,4,5,8,3,7.8,12294000
665,1,2,14,0,5.9,5087500
2507,6,5,13,3,9.3,16944500
1055,5,4,0,2,7.1,10632500
1718,2,1,6,3,7.3,10533000
3203,4,4,25,3,5.6,16000500
907,2,5,2,1,5.3,7894500
3232,4,2,16,1,7.2,16192000
1539,6,1,2,0,8.8,12106500
1702,2,2,14,0,9.6,10697000
2496,5,3,4,3,9.0,16136000
2177,5,5,8,1,8.2,14699500
1948,4,2,13,2,6.2,11648000
1383,1,3,21,2,7.2,8470500
3647,6,4,15,2,6.2,19094500
3238,2,1,15,0,9.6,15723000
3799,5,1,3,3,8.6,19986500
3505,6,5,1,3,5.4,19477500
3198,2,4,13,1,8.8,16463000
1504,2,5,25,3,7.5,10114000
659,5,2,1,1,8.1,8796500
3081,1,3,8,0,6.6,14423500
1869,3,3,1,1,8.7,12571500
3947,2,2,20,0,5.3,16534500
2299,1,3,5,0,9.2,12876500
2240,3,1,13,3,6.6,12230000
735,1,1,3,0,6.7,5902500
1120,3,1,20,3,7.3,8240000
3405,4,4,19,2,6.9,17327500
3473,4,5,8,0,9.4,19015500
1995,5,1,25,0,8.1,11772500
749,2,4,1,3,6.1,7811500
3766,5,4,19,0,5.5,18131000
3356,4,3,14,2,9.8,18266000
2253,3,2,8,1,7.8,12905500
3766,4,3,22,3,7.7,18661000
1585,6,3,9,1,7.8,12317500
2047,4,5,19,1,5.9,12274500
3905,4,5,19,0,8.8,19737500
636,6,4,16,3,5.5,8426000
3327,3,1,10,3,5.0,15544500
3479,5,3,5,0,5.9,17686500
3241,5,2,8,1,6.0,16643500
792,1,5,9,2,8.8,8242000
1277,6,1,7,0,8.2,10699500
2697,5,1,2,0,5.7,14419500
1996,4,1,0,1,9.4,13246000
1520,6,2,16,0,9.1,11760000
2368,3,4,13,0,8.2,13618000
789,2,1,11,1,9.7,7591500
2678,3,3,17,0,8.2,14203000
3145,1,1,14,1,6.2,13787500
3536,3,2,5,3,5.4,16986000
1495,3,5,16,0,8.2,10712500
2408,3,1,16,0,7.9,12588000
1200,1,2,4,3,8.5,9100000
3904,5,2,9,1,9.2,20194000
2509,4,4,14,2,5.6,13921500
2367,2,2,1,1,7.9,13194500
632,3,5,6,2,6.2,7792000
1179,6,4,7,0,6.2,10456500
2990,2,3,10,0,6.3,14385000
3539,6,5,18,3,9.2,20266500
3234,6,4,5,0,9.0,18869000
3302,4,4,11,1,9.3,18127000
3045,3,4,15,2,8.0,16207500
2603,6,4,1,0,5.3,15380500
2346,1,3,6,2,8.5,13111000
1109,3,3,11,0,8.9,9291500
635,3,5,15,0,8.0,7672500
1385,4,3,2,0,6.2,10127500
3733,6,5,8,2,7.1,20405500
1352,2,3,3,2,9.2,10562000
1697,4,1,14,1,6.2,10219500
1581,2,4,7,3,9.2,11663500
1956,5,4,10,0,6.7,12726000
2509,1,1,25,0,6.6,10971500
2918,2,1,12,0,6.7,13593000
2695,3,4,19,3,6.6,14422500
2224,2,4,5,1,9.6,13774000
930,4,5,3,3,9.2,10885000
2175,4,1,2,0,8.8,13332500
3538,2,1,20,3,6.2,15763000
2762,2,1,14,3,6.7,13547000
1668,3,2,8,1,9.6,11578000
3598,2,3,24,2,9.7,17573000
1901,3,3,24,3,6.1,10893500
2636,3,4,4,0,6.8,14446000
1922,4,4,20,1,7.9,12287000
2942,1,5,11,2,5.6,14387000
3821,2,5,22,0,7.5,17773500
1735,3,1,6,2,5.5,10172500
2867,3,1,1,0,6.1,14224500
2877,3,3,22,2,9.9,15729500
3337,5,5,4,3,7.0,18879500
2136,1,1,3,3,6.0,11126000
1621,5,3,12,3,8.7,12553500
1900,3,3,2,3,9.5,13350000
1839,6,1,9,2,8.1,12926500
2676,6,3,16,2,6.3,15386000
3356,6,5,22,1,6.4,17906000
1012,5,5,16,2,7.5,10142000
2744,4,5,17,2,5.0,14654000
603,1,1,11,3,7.2,5840500
3191,3,1,5,2,8.7,16598500
1588,6,4,22,2,5.6,11298000
1093,1,2,7,2,6.5,7575500
2651,3,3,0,0,5.3,13798500
3321,2,4,22,0,8.0,15923500
3325,3,2,5,3,8.5,17487500
1417,6,1,20,3,7.1,10699500
2441,6,5,15,0,8.4,15653500
2812,3,3,16,0,7.8,14562000
669,1,4,21,3,9.6,7431500
667,5,5,23,0,7.0,7984500
2861,4,4,21,3,8.2,16043500
886,1,1,14,2,7.1,6441000
1930,2,3,0,0,6.8,11375000
3307,2,5,14,0,9.2,17054500
3109,2,4,20,0,5.9,14441500
1327,2,4,8,1,5.8,8964500
3857,6,5,10,0,8.4,20859500
3823,3,5,18,2,7.6,18920500
3695,4,3,4,2,6.5,18632500
1346,6,5,24,0,8.2,11291000
3741,1,2,25,1,7.7,16223500
817,2,2,10,1,9.2,7839500
1535,3,2,25,2,6.3,9142500
2309,6,3,15,1,5.5,13631500
1551,3,1,7,0,8.6,10318500
1175,3,2,13,0,8.1,8802500
2306,3,1,0,0,8.5,13271000
3990,5,1,10,1,7.8,19585000
3717,5,5,14,1,7.3,19429500
827,6,5,15,0,5.0,8644500
3887,1,5,8,0,5.1,17244500
2054,4,5,13,0,7.6,13079000
1216,6,2,18,3,5.4,9716000
1238,6,5,11,0,5.1,10323000
3922,1,5,4,1,6.1,18167000
2072,2,2,14,2,7.8,11672000
3726,2,2,16,3,8.7,17921000
3097,1,3,10,3,9.2,16019500
3732,3,2,9,2,9.0,18712000
1114,4,2,25,0,8.0,8449000
3870,1,2,5,1,6.9,17355000
2348,3,1,7,2,5.0,12068000
3893,1,5,4,0,7.5,18425500
721,4,1,3,1,9.7,8753500
2738,3,2,24,0,7.4,13443000
3587,1,3,4,1,8.6,17394500
2934,1,2,19,2,8.7,14299000
3868,5,1,16,2,7.0,18738000
3557,2,5,7,2,7.4,17959500
1313,6,2,20,1,8.1,10635500
1877,2,2,22,3,9.0,11269500
1686,3,3,24,1,7.2,10181000
3551,6,1,14,3,8.9,19188500
2770,1,2,22,3,9.3,14015000
1806,6,2,17,0,7.2,11951000
3372,6,3,0,2,7.5,19102000
2200,1,1,7,2,7.3,11470000
1502,1,3,21,3,9.1,9847000
1352,4,2,20,1,5.2,8612000
3723,4,5,24,2,9.2,19410500
2457,1,5,14,0,5.3,12019500
3839,5,3,16,3,6.5,19236500
2838,4,2,10,3,8.9,16193000
915,1,3,12,3,9.1,8242500
794,4,1,1,0,9.6,8869000
3451,4,3,8,0,7.4,17538500
2567,2,5,2,2,8.7,15264500
1256,1,4,5,1,8.8,9566000
883,5,4,5,3,5.7,9420500
3955,2,3,16,3,7.7,18622500
1434,1,1,2,0,6.4,8279000
1071,1,4,5,3,5.8,8118500
2972,1,3,7,0,8.4,14812000
3825,3,4,23,1,9.6,18977500
2704,4,4,24,1,6.0,14064000
2161,3,5,13,3,6.1,12953500
706,6,2,6,3,7.2,9251000
1776,3,2,9,2,6.4,10826000
2151,2,1,21,0,8.5,11178500
2167,1,1,1,3,9.5,12734500
2390,3,3,24,3,9.0,13765000
2247,3,2,20,0,6.7,11644500
2601,3,2,1,1,8.1,14593500
1657,1,3,18,2,7.2,9579500
2471,1,5,20,0,9.5,13448500
2287,2,1,21,0,8.4,11614500
2189,3,5,6,3,5.4,13121500
1203,1,2,1,2,7.0,8460500
2965,4,1,10,3,6.4,15337500
2194,4,3,15,0,7.6,12869000
2465,2,4,17,0,9.5,13777500
798,3,1,24,0,6.9,6153000
879,6,2,15,2,8.4,9686500
2863,3,4,3,1,7.5,15770500
2097,6,2,14,0,5.9,12599500
3749,4,4,18,2,7.5,18821500
3403,3,1,12,0,8.9,16670500
1688,1,4,13,1,6.9,9918000
1322,3,4,16,2,8.5,10327000
787,6,5,20,1,7.0,9254500
2494,2,4,11,3,5.3,13099000
3322,5,1,1,1,5.9,16937000
1496,6,5,7,1,5.2,11666000
3838,5,1,7,2,8.6,19723000
3005,1,2,16,2,6.7,13897500
1247,6,3,16,0,8.0,10664500
3066,2,4,2,3,6.0,15831000
1287,5,4,6,1,8.1,11344500
807,3,5,19,2,8.3,8594500
1849,6,1,11,3,5.4,11981500
3653,4,5,7,1,9.7,20015500
2077,1,5,4,2,6.4,12029500
815,3,4,23,3,6.5,7602500
2843,3,3,2,3,6.6,15490500
3190,6,3,9,0,5.3,16735000
2227,3,4,17,0,8.6,13084500
3320,3,4,23,3,8.7,17250000
3912,3,5,16,0,9.9,19852000
2482,2,4,7,2,5.4,13097000
3255,3,2,15,3,6.9,16102500
3944,5,4,25,0,5.9,18614000
3876,2,5,2,0,5.4,18126000
1006,3,5,24,0,9.1,8961000
1587,2,2,19,2,6.2,9084500
2119,5,3,4,0,8.2,13896500
903,3,1,17,0,7.4,7070500
2141,4,1,7,3,9.8,13963500
1955,5,2,10,0,8.2,12722500
3472,4,2,12,0,8.8,17672000
2588,1,2,23,2,8.2,12688000
2022,1,1,1,2,8.7,11707000
1620,4,5,9,1,5.7,11200000
2908,6,2,19,0,7.1,15668000
3283,6,3,6,0,9.4,18850500
2530,6,2,11,0,8.3,15225000
1366,1,3,3,0,9.9,9991000
3255,5,2,24,2,6.4,16252500
2895,4,3,5,1,9.4,16742500
3420,6,4,7,3,8.8,19940000
1059,1,2,21,1,5.6,6196500
841,2,2,6,0,5.1,6283500
2737,4,5,7,3,7.6,16369500
698,1,2,18,1,7.9,6003000
3790,6,5,19,0,6.4,19375000
2791,1,1,17,3,6.9,13078500
2185,1,4,25,3,7.7,11777500
1036,4,1,20,2,7.6,8366000
1391,4,2,11,2,7.6,10358500
1914,5,5,22,1,7.4,12759000
1401,5,1,6,3,7.0,10803500
1326,4,3,6,2,6.8,10361000
609,5,4,2,2,6.8,8851500
3751,1,2,5,3,7.1,17418500
1201,6,3,5,0,6.5,10453500
3440,5,5,4,2,6.9,19000000
1898,3,2,1,1,9.9,12853000
3541,4,2,16,2,7.6,17633500
2682,4,4,10,3,8.0,15887000
2901,5,5,22,3,7.1,16493500
3810,4,3,0,1,9.9,20395000
2241,3,5,19,3,9.9,14453500
1520,4,3,12,0,8.1,10860000
2406,5,5,4,2,6.8,15341000
912,3,5,5,1,8.6,9582000
1994,5,1,9,3,6.2,12409000
1508,5,1,19,1,5.5,9528000
1672,4,2,16,3,6.1,10692000
1027,1,4,14,1,9.1,8434500
1487,2,4,2,1,8.6,10944500
1057,4,5,4,0,8.4,10359500
2286,1,3,8,3,6.9,12361000
2531,3,3,18,0,5.8,12678500
1861,5,3,24,1,6.8,11633500
2017,2,5,8,1,8.7,12839500
2265,2,2,11,2,6.0,11777500
2442,4,5,12,0,6.5,14047000
1432,2,5,17,3,8.0,10462000
2725,4,1,21,0,6.0,13187500
2107,5,1,24,2,8.8,12894500
2515,4,5,7,2,6.0,14752500
2401,1,3,10,1,8.4,12863500
3104,1,2,4,1,8.6,15404000
2574,1,2,11,3,6.1,12599000
1900,5,3,0,2,6.6,13090000
3472,2,1,3,3,7.3,16822000
2999,5,1,18,0,7.3,15316500
3851,4,5,15,1,5.7,18708500
1739,6,4,25,3,6.4,12196500
2312,3,3,1,3,8.1,14282000
